id,name,sku,defaultSupplier,category,uom,unitSize,inactivePriceRows,inactiveSuppliers
cmp3nx90a01qtckpv49b383ai,0/ Stonhard Stonprime,,,,,,0,
cmp3nx8la01qsckpvli1rnsue,0/ Stonhard Stonseal,,,,,,0,
cmmlub5mq003qsgpvwvob9us8,12HR PORCELAIN GLUE,,DIY Savoy Consumables,,KG,20,0,
cmocgya1r000l09jvhfkqfdjf,1557 Scrappers -,,DIY Savoy Consumables,,EACH,1,0,
cmmns3ypj00089cplb9uynof8,1838 Sandpaper P40,,DIY Savoy Plascon,Preparation,,,0,
cmp3nnw5b0165ckpvkp9oq8b4,2X4 GALVANISED BOXES,,,,,,0,
cmock4und005wb0pvhpvmgqhs,300X10M MEMBRANE,,DIY Savoy Consumables,,EACH,1,0,
cmp3ohzt202sqckpv14inbsxu,4.8X120mm cable ties,PACK 629240,,,,,0,
cmp3nnvq40164ckpvzsyz9jdy,4X4 GALVANISED BOXES,,,,,,0,
cmp3njf2b00v6ckpvqt369njo,50MX1M BARRIER SAFETY NET,ROLL 623737,DIY Savoy Consumables,,,,0,
cmnehbjb2000h09lgmvbms3zf,6.4X900X2.700mm Gyproc rhino board,,DIY Savoy Consumables,,EACH,1,0,
cmp3nrmh801dnckpvz4umkqu0,63736 Sandpaper 1M P80,INV115307,DIY Savoy Consumables,,,,0,
cmp3nltw4010ockpvv0p1561l,64702 Trowel Plaster Plastic Handle,,,,,,0,
cmp3okd3b0314ckpv6d6a5fw4,65091 Sandpaper 1M P80,INV117539,DIY Savoy Consumables,,,,0,
cmp3n59hh001ockpvmlbbzo0b,65341 Sandpaper 1M P80,INV118224,DIY Savoy Consumables,,,,0,
cmp3ok937030ockpv0cnbjvlh,65366 SMX35 SealandStretch,INB062251,Soudal,,,,0,
cmp3orkeb03rockpv0ui9p55n,65721 SMX35 Seal and Stretch,,Soudal,,,,0,
cmp3okdif0316ckpvvsf3rxkg,65993 Sandpaper,INV119069,DIY Savoy Consumables,,,,0,
cmp3np3z20196ckpv3gwwc4bd,66021 BISHOP STRIP,,,,,,0,
cmp3np25b0193ckpvjzatx8nl,66021 R/BOARD,,,,,,0,
cmp3nn4ej013jckpvyn74rdo7,66579 STEEL REF,,,,,,0,
cmp3orkth03rpckpv9pwf7p74,66814 SMX35 Seal and Stretch,,Soudal,,,,0,
cmp3nd28r00ibckpvhd9zdj13,67604 Propile COMPLETE,,,,,,0,
cmp3nnqnj015sckpvh9fkxhdq,67655 DISC DIAM SEG CONCR,,,,,,0,
cmp3of3my02mvckpve7xahaaf,67723 Scrappers,,,,,,0,
cmotn5ytp005g09l8gw2h26ru,80GRID SANDPAPER SHEET,,Midas Paints Cape Town (Pty) Ltd,,EACH,1,0,
cmo1cyo4g003709iea136gzd4,8309 Propile COMPLETE,,DIY Savoy Consumables,,EACH,1,0,
cmp3o1rbq01yickpvpdakffcc,9/ SILKWOOD,,,,,,0,
cmnfm1afk000109jvqwmb3m9i,ACETONE CLEANER,,DIY Savoy Consumables,,L,1,0,
cmo1czzwf003209kvgbm264x2,ACRYLIC PVA - 00YR15/510 STALLION,,The Paint Place,,L,5,0,
cmmlvmo150075sgpvaoxcidmh,ACRYLIC PVA - 00YT15/510 STALLION,,Dulux,,L,20,0,
cmn2saqwc000009ju3p6c53ai,ACRYLIC PVA - CHILTEN 40YY73/028,,Dulux,,L,20,0,
cmmlw1fyt00fmsgpvz5ktrf7s,ACRYLIC PVA - LEAD 81YR06/003,,Dulux,,L,20,0,
cmmx2gb9j000409ifyolvgwee,ACRYLIC PVA - LILY POLLEN 76YR27/556,,Dulux,,L,20,0,
cmo1cyp7l003e09ieyl5nhnyt,ACRYLIC PVA - RAL9004 SIGNAL,,JF Paints Blouberg - Dulux,,L,20,0,
cmnq0ik1u000p8wpvctwmc8uj,ACRYLIC PVA - URBAN VIEW,,The Paint Place,,L,20,0,
cmmlvt1ry00bhsgpvwlbpgu6c,ACRYLIC PVA - Y4-C2-3 AFTERNOON SHOWER,,Plascon,,L,20,0,
cmp3o6x76026zckpv5jcl3ce0,ACRYLIC PVA 00YR15/510 STALLION,,Dulux,,,,0,
cmp3nzp8o01uxckpvlqdqni6c,ACRYLIC PVA BRILLIANT,,Dulux,,,,0,
cmp3nza4701u1ckpvotqxffr5,ACRYLIC PVA DARK STORM 16BB25/001,,Dulux,,,,0,
cmp3o05ot01vuckpvfzl47s5h,ACRYLIC PVA SLICK SEAL,,Dulux,,,,0,
cmp3nzml001uuckpvdg0695bv,ACRYLIC PVA SLICK SEAL 62GG31/016,,Dulux,,,,0,
cmp3o6sxj026nckpvg30eedgr,ACRYLIC PVA URBAN VIEW,,Dulux,,,,0,
cmp3nn8lr013sckpvlxer80n2,ADHESIVE PVS WELD LATRO,,,,,,0,
cmo1cxeti000a09iex1ta5qpx,ALCHIMICA ADYE - LIGHT,,POLYMERS WATERPROOFING,,L,20,0,
cmo1cxess000909iep0lfoj1a,ALCHIMICA HAA,,POLYMERS WATERPROOFING,,L,20,0,
cmo1cxerx000809ie3gpv79wf,ALCHIMICA UNIVERSAL 2K PRIMER,,POLYMERS WATERPROOFING,,L,20,0,
cmp3n97l100a8ckpvc0j4j1dj,ALKALI PRIMER,,Dulux,,,,0,
cmp3nz6be01tvckpvdlwl9cps,ALKALI RESISTANT PLASTER PRIMER,,,,,,0,
cmnq0i703000c8wpvy3rem6gq,ALKALI RESISTANT PRIMER,,Baumer and Son Rosebank,,L,20,0,
cmp3nijxd00t0ckpvs4iet0kl,ALUBRITE,,DIY Savoy Consumables,,,,0,
cmocjft6w0002b0pvoatjntm5,ASS00000120L Metalcare Silvershine Aluminium,ASS0000012,DIY Savoy Plascon,,L,20,0,
cmp3nj1sw00u9ckpvdshxmigi,ASS0000015L Metalcare Silvershine Aluminium,,DIY Savoy Plascon,,,,0,
cmp3ndqmz00jjckpv3kf8od6y,AW Epiwash Stront/Chrom Primer,,DIY Savoy Plascon,,,,0,
cmp3owdxt0488ckpvjp95sayd,AW000255-5010 Epiwash Primer Dule Kit,,DIY Savoy Plascon,,,,0,
cmmkuetfr0000g8pl3l1n7x3k,Acrylic Glazecoat,CV000082,Plascon,Paints,,,0,
cmmkuevho0001g8plr6g3k88f,Acrylic Scumble Glaze,GSL000002,Plascon,Paints,,,0,
cmp3ngkns00orckpvgeac0zk0,Acrylic Sealant,INV119642,,,,,0,
cmotpb5a5000709l4pcm6yyhv,Acrylic Silicone - PAINTABLE -,,DIY Savoy Consumables,,EACH,1,0,
cmp3nro5g01dqckpvmxw21q8c,Acrylic Silicone PAINTERS MATE,INV115897,,,,,0,
cmmkuevol0002g8pl8e9c8vj3,Aerolak Fluorescent Spray Paint,91 20 01 - 04,Plascon,Paints,,,0,
cmmkuevyo0003g8plrfu7xt8u,Aerolak Metallic Spray Paint,91 10 13 - 20,Plascon,Paints,,,0,
cmmkuew5i0004g8pl33982p6s,Aerolak Regular Spray Paint,"91 10 38 - 99, 99 01 04",Plascon,Paints,,,0,
cmmkuewca0005g8plyc7i7q4r,Aerolak Special Finishes,"91 10 54-56, 91 06 32",Plascon,Paints,,,0,
cmmkuewj20006g8plnvb4fnjl,All Purpose Matt,,Plascon,Paints,,,0,
cmmkuewpu0007g8pl5jagq3t9,All Purpose Matt Tint Base,TDA,Plascon,Paints,,,0,
cmp3nmoo4012hckpv2p1e1qbh,Aluminium Strips,,Plascon,,,,0,
cmmkuex3f0009g8plzrknt0rz,Ancillary Products,SS000012,Plascon,Paints,,,0,
cmmkuexa7000ag8pl0oc51e4m,Aquarista,PHB000800,Plascon,Paints,,,0,
cmmkuexh6000bg8plbx6zeohq,Aquarista Tint Base,THB001000,Plascon,Paints,,,0,
cmmkuexo0000cg8pl1dcgdiag,Aquasolv Degreaser,GR000001,Plascon,Paints,,,0,
cmmkuexus000dg8pl7x30rv9p,Arctic,CAW000001,Plascon,Paints,,,0,
cmotpb5yi000b09l4sp50hhj1,BACKING CORD - 12MMRolls 2,,Urochem Trading (Pty) Ltd,,,,0,
cmmlub2mw003osgpvv7c9hm98,BACKING CORDPacks 2,,Urochem Trading (Pty) Ltd,,,,0,
cmnq0inyi000s8wpvtktj0zte,BACKING CORDRoll 1,,Urochem Trading (Pty) Ltd,,,,0,
cmotn6w32007l09l88get3xjz,BACKING CORDRolls 3,,Urochem Trading (Pty) Ltd,,,,0,
cmnq0ib0e000g8wpv35bx0vtu,BAKING CORD 15MMRoll 1,,Urochem Trading (Pty) Ltd,,,,0,
cmp3nnnam0153ckpvj6fmtu54,BOILER MAKERS CHALK,,DIY Savoy Consumables,,,,0,
cmp3nn6wu013ockpvyxqhcnk5,BRICK FORCE,,,,,,0,
cmp3oun7b041lckpvu5q8t6pf,BRUSH,,Midas Paints Cape Town (Pty) Ltd,,,,0,
cmotoyoaf005009jgaspxyq1e,BUILDING SAND,,DIY Savoy Consumables,,KG,40,0,
cmp3nn7bx013pckpvbw0dvas5,BUTTERFLY WALLTIES,,,,,,0,
cmp2de78w000co4pvm1asxxbo,Backing Cord,URO-BACKING-CORD-10MM,Urochem Trading (Pty) Ltd,Sealers,UNIT,1,0,
cmmkuey1l000eg8plv94nkt3s,Bakkie & Trailer Coating,BTC000003,Plascon,Paints,,,0,
cmp3nba8y00eockpv26lqc1sr,Bathroom Plus,,,,,,0,
cmmkueyf8000gg8pl5i1h8cyn,Bituminous Aluminium Paint (One Pack),RMB000001,Plascon,Paints,,,0,
cmmkueym0000hg8pla0v1s2qe,Bonding Liquid,CVI000014,Plascon,Paints,,,0,
cmp3nnxto0169ckpvl9zy9cic,Boxes 636872 CHALK,,,,,,0,
cmp3ny55u01s9ckpvhgag7w3m,Boxes DUST MNASKS 20/box,INB062863,,,,,0,
cmp3o80ml0296ckpvpmcvgob7,Boxes UROCHEM,INV032456,Urochem Trading (Pty) Ltd,,,,0,
cmmkueysr000ig8pl7myhqtmh,Brick and Concrete Marking Paint,BTP,Plascon,Paints,,,0,
cmmkuez6d000kg8pl42wsfrh4,Brickseal,WBS,Plascon,Paints,,,0,
cmmkuezd5000lg8plgwzw24xe,Brilliant Gloss Enamel,PSB001000,Plascon,Paints,,,0,
cmmkuezjy000mg8pl4acmpvhp,Brush Cleaner,50 22 05,Plascon,Paints,,,0,
cmown0jo4000109jpxluvbbir,Brush EVERYMAN 25mmeach 11 080110EZZYPILE REFILL,,DIY Savoy Consumables,,EACH,1,0,
cmown0k1g000409jpw3jxbptj,Brush EVERYMAN 25mmeach 31 080110782 Perlon,,DIY Savoy Consumables,,EACH,1,0,
cmown1406002h09jpc067k55b,Brush EVERYMAN 25mmeach 41 080110F0205 Brush EVERYMAN 50mmeach 42 080110CLASSIC REFILL,,DIY Savoy Consumables,,EACH,1,0,
cmown146u002k09jptdlhffcg,Brush EVERYMAN 50mmeach 41 080110EZZYPILE COMPLETE,,DIY Savoy Consumables,,EACH,1,0,
cmown0jkv000009jpiavcap08,Brush EVERYMAN 50mmeach 41 080110PVA ROLLERS,,DIY Savoy Consumables,,EACH,1,0,
cmown1kfi004l09jphz6pc8qo,Brush EVERYMAN 50mmeach 51 080110983 Telescopic handleeach 42 080110 CLASSIC PVA COMPLETE,,DIY Savoy Consumables,,EACH,1,0,
cmown141y002i09jpwtqci2s5,Brush EVERYMAN 50mmeach 51 080110COMPLETE CLASSIC,,DIY Savoy Consumables,,EACH,1,0,
cmp3oen6e02m2ckpvbgzl6uvh,CEMCRETE CRETESTAIN RUST,,Cemcrete,,,,0,
cmnhbtd4c000109l8fgcrctu4,CEMENT 32.,,DIY Savoy Consumables,,KG,550,0,
cmp3nnnpp0154ckpvkxkgk8rp,CHAIN GALV,,DIY Savoy Consumables,,,,0,
cmotoye7n002k09jg05m4jgc3,CHROMATEX - JET - GS10218-1,,Marmoran,,KG,32,0,
cmp3oumsa041jckpvrcw2q3g9,CLASSIC COMPLETE ROLLER,,DIY Savoy Consumables,,,,0,
cmp3okf0y031dckpvqpsmrl0o,CLASSIC ROLLER,,DIY Savoy Consumables,,,,0,
cmp3ouj590419ckpv1to1xhut,CLASSIC ROLLER 225MM COMPLETE,INB063017,DIY Savoy Consumables,,,,0,
cmp3okhjn031mckpvqk65dzv9,CLASSIC ROLLER COMPLETE,,DIY Savoy Consumables,,,,0,
cmp3nmmkt012dckpvbqevzig0,CONCRETE MIX,,,,,,0,
cmp3nn7rq013qckpv7ssvhvv7,CONDUIT SABS,,,,,,0,
cmp3nn86q013rckpvga4kgenz,COUPLING PVC,,,,,,0,
cmmsxxlrw000109i8pz19xgi6,CURA100 - DARK SANDTON GATE BSR-230525-1,CURA000100,Dulux,,L,20,0,
cmmlvtirq00busgpvu81hc4w4,CUTTING DISC - CONCRETE,,DIY Savoy Consumables,,EACH,1,0,
cmp3ojqoo02yqckpv4aj0ed1s,CVI00001420L Bonding Liquid,CVI0000142,,,,,0,
cmnq0ilbl000q8wpv0aoxfxpn,Carbolinium,,DIY Savoy Consumables,,L,5,0,
cmmkuf06m000ng8ple538kchq,Cashmere,CAS,Plascon,Paints,,,0,
cmmkuf0de000og8plicmos359,Cashmere Tester Pots,TCA,Plascon,Paints,,,0,
cmp3ou7b9040hckpvub5xbfhl,Cemcrete Cemwash Light,,Cemcrete,,,,0,
cmp3onocl03ddckpvxrhey9th,Cement 32.5,,,,,,0,
cmmkuf0xp000rg8ple6zscwto,Coastcote Etch Primer,SNK,Plascon,Paints,,,0,
cmmkuf14i000sg8pl6dgf0zjv,Colourants,PB-PV,Plascon,Paints,,,0,
cmmkuf1ba000tg8plq8tuxopb,Concrete Floor Prep,FCS000001,Plascon,Paints,,,0,
cmp0qz6vf000209l13098ilc9,Container - on Account FCP002,,Topshell (Pty) Ltd,,EACH,1,0,
cmmkuf1i1000ug8plpeulmvxc,Contractors Matt,PEM000600,Plascon,Paints,,,0,
cmmkuf1oz000vg8pltn5rfc9w,Contractors Matt Tint Base,TCP,Plascon,Paints,,,0,
cmmlvt4ss00bjsgpv6smo2shn,Coprox Masonry Waterproofing,,DIY Savoy Consumables,,KG,5,0,
cmp3nlvjw010rckpvuyijpfpu,DAMPSHIELD,,,,,,0,
cmnq0iivy000o8wpvrq1d2bdf,DAMPSHIELD PRIMER,,The Paint Place,,L,20,0,
cmp3okb7g030yckpvgy8byduk,DANGER TAPE,INB062964,DIY Savoy Consumables,,,,0,
cmp3nnxej0168ckpvhi445j3c,DIAMOND CUTTING DISCS,,,,,,0,
cmp3nnmvf0152ckpvc7a2zojj,DISC FLAP,,DIY Savoy Consumables,,,,0,
cmnehbj67000d09lgxx4rwzrj,DROP SHEET - 1MX10M,,JF Paints Blouberg - Consumables,,EACH,1,0,
cmp3oc7f702guckpv4d2pwjhs,DULUX ACRYLIC PVA URBAN VIEW,,Dulux,,,,0,
cmocjz6a90047b0pvkk9s4v8t,DULUX ECOSURE PRIMER,,JF Paints Blouberg - Dulux,,L,20,0,
cmmluauuu003isgpvdlp5hvko,DULUX LUXURIOUS SILK - FANCOURT 280-F5-01,,JF Paints Blouberg - Dulux,,L,20,0,
cmotn6vfp007h09l8ohgmpy2e,DULUX LUXURIOUS SILK - ORGANIC COTTON,,The Paint Place,,L,20,0,
cmmlw6rj300hfsgpvlzi42193,DULUX LUXURIOUS SILK - SMOKEY GLASS 50YR22/052,,JF Paints Blouberg - Dulux,,L,20,0,
cmp3ond2703c6ckpvagjb30fs,DULUX OXIDE,,Dulux,,,,0,
cmmlvmml50074sgpv7fcsfpww,DULUX SKIM COAT,,Dulux,,KG,32,0,
cmmlw14at00fhsgpv12rjeqnl,DULUX TRADE65 - QUITE HIDEAWAY 81YY81/016,,Dulux,,L,20,0,
cmmlu8u53002bsgpvtabe4yqm,DURA100 - CABLE 03BB17/015,,Dulux,,L,20,0,
cmmlvpi0h009lsgpvzvwo9x80,DURA100 - GRANITE 00NN37/000,DURA000100,Dulux,,L,5,0,
cmp3nxaw701qxckpv3f96xfl2,DURA100 LEAD 81YR06/003,,Dulux,,,,0,
cmp3nlh5a00znckpvxj3gr95r,DURA100 WONDERLAND,,Dulux,,,,0,
cmnre60rx000409jp1umefij3,DURA65 -,DURA000065,Baumer and Son Rosebank,,L,20,0,
cmmn23psg000509l8r5p1nl2m,DURA65 - GREENSIDE S0502-R50B,DURA000006,Baumer and Son Rosebank,,L,5,0,
cmp3nwr7801pxckpvs1enmidb,DURA65 AIE GREENSIDE S0502-R50B,,,,,,0,
cmp3nlgq700zmckpvz6g0467u,DURA65 WONDERLAND,,Dulux,,,,0,
cmp3nllcc00zzckpvk3ekghgw,DURA65 WONDERLAND HOUSE HUNTER,,,,,,0,
cmocgy9tv000i09jvkmk4kn37,DURAM PAINT REMOVER,,DIY Savoy Consumables,,L,1,0,
cmmx2gpk0002v09ifxpim1keg,DUST MASKS,,JF Paints Blouberg - Consumables,,EACH,1,0,
cmmkuf24f000xg8pl7klzray7,Dampseal,WDS,Plascon,Paints,,,0,
cmmkyfl0d0002c4plub5ibc1p,Dish Washing Liquid,CON-DISH-WASH,DIY Savoy Consumables,,UNIT,1,0,
cmmkuf2bd000yg8plox53keky,Double Velvet,VEL,Plascon,Paints,,,0,
cmmkuf2ie000zg8pln0nq74hr,Double Velvet Tester Pots,TDV,Plascon,Paints,,,0,
cmmlvt7re00blsgpvjulao0ni,Dual Plascoguard Gehopon 3000 WB Light,GW003735,DIY Savoy Plascon,,L,5,0,
cmmkiu991006qckpvfg4hilcx,Dulux Trade Acrylic PVA,5147599,Dulux,Paints,,,0,
cmmkiuagq006wckpvmltsjj6v,Dulux Trade Acrylic Roof Paint,5147625,Dulux,Paints,,,0,
cmmkiu7v7006jckpv756ogb5i,Dulux Trade Luxurious Silk,5147639,Dulux,Paints,,,0,
cmmkiu829006kckpvr2hcmc7i,Dulux Trade Luxurious Silk Base 7,5803260,Dulux,Paints,,,0,
cmmkiu8gj006mckpvjr42qjnp,Dulux Trade Luxurious Silk Base 8,5803262,Dulux,Paints,,,0,
cmmkiu8ur006ockpvxxkcvk27,Dulux Trade Luxurious Silk Base 9,5803264,Dulux,Paints,,,0,
cmmkiu9v6006tckpvi9c46915,Dulux Trade Super Acrylic PVA,5147600,Dulux,Paints,,,0,
cmp3nlj8q00zuckpvdqg5h83h,Dura100 Lowsheen Woodland House Hunter 93YY,,Dulux,,,,0,
cmp3nxckg01r1ckpvjukjtkvt,Dura65 Greenside S0502-R50B,,,,,,0,
cmo1cxeh8000509iezqprdw20,ECOSURE PRIMER,,JF Paints Blouberg - Dulux,,L,20,0,
cmp3oufkh0410ckpvsbav9rlb,EGGSHELL ENAMEL,,,,,,0,
cmp3o7gle0287ckpvvmeb0ry9,EGGSHELL ENAMEL GR-Y01 GENEVA MORN,,The Paint Place,,,,0,
cmmlvmy05007csgpvfkldaicn,ELECTRIC BUCKET,,DIY Savoy Consumables,,L,25,0,
cmmlvmtyr0079sgpv4dwa1agl,ELECTRIC KETTLE,,DIY Savoy Consumables,,EACH,1,0,
cmnfm1aix000409jvnin80vyu,EMS,,Plascon,,L,185,0,
cmp3n4whw000sckpv3lok0vuf,EMS18,,,,,,0,
cmmkuf3t00015g8pluu4st8dk,EPD Epoxy Floor Coating,EPD,Plascon,Paints,,,0,
cmo1cxebn000209ieuwldmqp9,EPD0001005L Plascotuff Coal Tar Pitch Coating,,DIY Savoy Plascon,,L,5,0,
cmp3ovj8b044mckpvz26nzkhx,EPL00003020L Polvin Super Acrylic,EPL0000302,DIY Savoy Plascon,,,,0,
cmp3na9he00cjckpvoxfdpgmc,EXTENSION CABLE,,DIY Savoy Consumables,,,,0,
cmp3nlnm40103ckpv272xcevy,Eartcote Pandomo RAL1407030 Aniseed Leaf,,,,,,0,
cmmkuf3c20013g8pltahkb0f4,Easy Living Gloss Enamel,ELE,Plascon,Paints,,,0,
cmmkuf3580012g8plhfa3ef3e,Easy Living Multi Surface Sheen,ELS,Plascon,Paints,,,0,
cmmkuf3jn0014g8plmsrm34m9,Easy Living Roof And Paving Paint,ELR,Plascon,Paints,,,0,
cmp3npi0l019tckpv62j0ko3i,Easy Living Roof and Paving,,,,,,0,
cmmkuf2xf0011g8pl97se6q9l,Easy Living Wall Master Matt,ELM,Plascon,Paints,,,0,
cmmkuf41b0016g8plmraq2i0o,Economical Quick Drying Primer,QDP,Plascon,Paints,,,0,
cmo1cz5uu000409kvu5xbpw1i,Epiwash Stront/Chrom Primer DTD 5567A,AW 0002551,DIY Savoy Plascon,,L,10,0,
cmp3nnllz014zckpv0fyfs4sw,F/HARRY HYPERCRETE CEMENT,,DIY Savoy Consumables,,,,0,
cmo1cyo3m003609ieggwaz8o4,F0204 Brush EVERYMAN,F000204,DIY Savoy Consumables,,EACH,1,0,
cmp3oi1x402svckpvu69xlgyu,FIBRE GLASS TAPE,,DIY Savoy Consumables,,,,0,
cmocjfuhc0003b0pvroqkhy26,FLASH HARRY,,DIY Savoy Consumables,,L,20,0,
cmn2thnl6000409l8qhdovse5,FLEXOTHANE 27 -,,Saint-Gobain Construction Products SA (Pty)  Ltd,Silicon,,,0,
cmp3nq0xv01anckpvng91hfaf,FPR0000015L Wood Preservative,FPR000001,DIY Savoy Plascon,,,,0,
cmp3o1t0401ylckpvwrpe5ojb,FPR0000065L Wood Preservative,FPR000006,,,,,0,
cmotn6w5t007n09l8jmvl2hkt,FRESHCOTE,,Ruimsig Paint Centre t/a Paint and Place,,L,20,0,
cmotn6w6v007o09l8a07wa366,FRESHCOTE - BERLIN BLOCK,,Ruimsig Paint Centre t/a Paint and Place,,L,20,0,
cmocr9b1r000009l1v8k25o1c,G000002-0005 Super Universal Enamel,,DIY Savoy Plascon,,L,5,0,
cmp3n96j200a6ckpvleokynrx,GALVANIZED CLEANER,,Dulux,,,,0,
cmo1cxdpa000009ieis4orerq,GALVANIZED PRIMER,,JF Paints Blouberg - Dulux,,L,5,0,
cmmnrn754000209lbiepvs8z3,GALVANIZZED IRON PRIMER,,Baumer and Son Rosebank,,L,5,0,
cmo1cz62j000709kv1yy6gcxy,GALVINIZED CLEANER,,JF Paints Blouberg - Dulux,,L,5,0,
cmnd8m4s8000309lbfjznd6mp,GEOTEXTILE - 1X5METRERoll 1,,POLYMERS WATERPROOFING,,,,0,
cmo1cxer7000709ie942lmwhk,GEOTEXTILE - 1mx50mRolls 1,,POLYMERS WATERPROOFING,,,,0,
cmp3o1uo601yockpvr8802dic,GIC0000012 x Metalcare Galvanised Iron Cleaner,,DIY Savoy Plascon,,,,0,
cmp3n5ogl002rckpv2pw3osnl,GIP000001 Metalcare Galvonised Iron Primer,,DIY Savoy Plascon,,,,0,
cmp3ooadb03frckpvetinp3gc,GIP00000120L Metalcare Galvonised Iron Primer,GIP0000012,DIY Savoy Plascon,,,,0,
cmp3n9tyo00bkckpvldylx0ch,GLOSS STEEL 1 00NN31/000,,Dulux,,,,0,
cmo1cxe8s000109iehzw9yy5w,GLOVESPairs 10,,DIY Savoy Consumables,,,,0,
cmocjvuy5001pb0pvviiklfjr,GLOVESPairs 3,,DIY Savoy Consumables,,,,0,
cmmlts6320001sgpvb4cnyocb,GLS - SHEEN STORM BIRD 20YY11/017,,SHAVE PAINTS - SANDTON,,L,20,0,
cmp3nhp9s00qxckpvrznsffgk,GR Aquasolv Degreaser,,DIY Savoy Plascon,,,,0,
cmp3ndw5m00jvckpvao530cxk,GRINDER WIRE BRUSH,,,,,,0,
cmocgym1s003g09jv50x5u1te,GROUTING SPONGE,,DIY Savoy Consumables,,EACH,1,0,
cmmlvt8xi00bmsgpv9zr5txy6,GW0000075L Dual Plascoguard Gehopon Sealer,GW000007,DIY Savoy Plascon,,L,5,0,
cmp3novrm018hckpv3jahft1z,HALF ROUND H/WOOD,,DIY Savoy Consumables,,,,0,
cmnehcph9000109l7i4quzaga,HAM SUPA SOAKA ABSORBENT FLEECE -,,JF Paints Blouberg - Consumables,,EACH,1,0,
cmmlumgz7005wsgpvq36j816t,HAMMER SCUTCH COMBS,,DIY Savoy Consumables,,EACH,1,0,
cmp3nnoz00157ckpvdy47h4te,HANDLE PICK POLY IMPORT,,DIY Savoy Consumables,,,,0,
cmotp37nm000009l8sag12kzf,HANDY SKIM -,,Coatcraft (Pty) Ltd,,KG,20,0,
cmotpb5p2000a09l4dqkckhhl,HANDY SKIM - INTERIOR,,Coatcraft (Pty) Ltd,,EACH,1,0,
cmo1cyoe3003a09iebihb9i1u,HANDY SKIM INTERIOR -,,Coatcraft (Pty) Ltd,,EACH,1,0,
cmmltsbsl0007sgpv623i5u03,HARNESSDL - SAFETY HARNESS DOUBLE LANYARD and SCAFFOLD HOOKS,,G-Fox,,EACH,1,0,
cmp3odp2m02jnckpv2s1mkf0g,HARNESSDL SAFETY HARNESS DOUBLE LANYARD and,JAC1669728,,,,,0,
cmmx2gbg1000609ifjgaf93dv,HSWS25KG - Handyskim 25kg Interior,,Coatcraft (Pty) Ltd,,EACH,1,0,
cmock4tcy005vb0pvjd48gx58,HYPERCRETE,,DIY Savoy Consumables,,L,5,0,
cmp3n6jxz004tckpvszrozrcb,HYPERDESMO ADYE,,POLYMERS WATERPROOFING,,,,0,
cmnfm1akk000509jvw85uzx47,HYPERDESMO ADYE - RAL740,,POLYMERS WATERPROOFING,,KG,20,0,
cmnd8m4qu000209lbeiyuph7n,HYPERDESMO HAA,,POLYMERS WATERPROOFING,,L,20,0,
cmp3n6v9u005lckpvqu7ihwij,HYPERDESMO HAA GRYE,,DIY Savoy Consumables,,,,0,
cmo1cyp0l003d09ie2aeppehe,HYPERDESMO POLYURETHANE TOP-COAT RAL740,,POLYMERS WATERPROOFING,,L,20,0,
cmp3ofqxf02nwckpve1hqjok5,INSECTICIDAL ADDITIVE 900GR,BOT001689,,,,,0,
cmp3nb9qw00enckpvsuhmf312,KBM1 2.5L Kitchen and Bathroom,KBM000001,DIY Savoy Plascon,,,,0,
cmmltsin3000csgpvvjv7irkh,KBM1 2.5L Kitchen and Bathroom 2.,KBM000012,Plascon,,L,5,0,
cmp3nlx7s010uckpv7iqgi5l9,LINTELS,,,,,,0,
cmmn23pnd000109l810v84pre,LUX SILK - CEDAR SHADOW 50YR36/263,,JF Paints Blouberg - Dulux,,L,20,0,
cmmx2gpji002u09ifihyf5sdb,LUX SILK - DUSTED MOSS 3 - 1 SHADE LIGHTER,,Dulux Centurion,,L,20,0,
cmmn23pmb000009l8tmo92ksn,LUX SILK - JUST PEACHY 20YY67/216,,JF Paints Blouberg - Dulux,,L,20,0,
cmmn23poe000209l8pvlpsdh9,LUX SILK - MASSIVE 21YY67/216,,JF Paints Blouberg - Dulux,,L,20,0,
cmotpb5ng000909l4ws727jb3,LUXURIOUS SILK -,,The Paint Place,,L,20,0,
cmotoyp3v005209jgt16ubx2r,LUXURIOUS SILK - 53BB36/,,The Paint Place,,L,420,0,
cmo1czzvh003109kv07b0z1um,LUXURIOUS SILK - 53BB36/004,,The Paint Place,,L,20,0,
cmotoyp4m005309jgevkp8kfo,LUXURIOUS SILK - 91BB07/263 TWILIGHT ZONE,,The Paint Place,,L,5,0,
cmock4vzj005xb0pvebl2j7dk,LUXURIOUS SILK - CEDAR SHADOW 50YR36/263,,JF Paints Blouberg - Dulux,,L,20,0,
cmock4ykc005zb0pv3pnyo45p,LUXURIOUS SILK - CLAY WALLS 57YR27/226,,JF Paints Blouberg - Dulux,,L,20,0,
cmock4x9z005yb0pvct2rses4,LUXURIOUS SILK - MASSIVE 21YR13/383,,JF Paints Blouberg - Dulux,,L,20,0,
cmmkuey8f000fg8plhobulb75,Lacquers,EZN,Plascon,Paints,,,0,
cmp3nls7j010gckpvrtmzt52h,MAJ Meg Sponges,,DIY Savoy Consumables,,,,0,
cmp3no23i016pckpv690pohzy,MASONRY DRILL BIT,,DIY Savoy Consumables,,,,0,
cmp3njcjk00uxckpv7j5zevpy,MEDIUM PADLOCK,,DIY Savoy Consumables,,,,0,
cmp3n6hug004ockpvsakktjcl,MICROSEALER 50,ACC192694,POLYMERS WATERPROOFING,,,,0,
cmp3nptsg01aackpve25qnga6,MID 240 MEDIUM BASE,IN394536,,,,,0,
cmo1d01fi003509kvp7ebglcc,MIDAS PLASTER PRIMER - EXTERIOR,,Midas Paints Cape Town (Pty) Ltd,,L,20,0,
cmo1cypem003h09iebowyqnb9,MIDAS PLASTER PRIMER - INTERIOR,,Midas Paints Cape Town (Pty) Ltd,,L,20,0,
cmp3ojnca02yeckpvuam3im5t,MORTAR MIX,,,,,,0,
cmp3njh5u00vcckpvj2857bxg,MOTTON CLOTH,ROLL 624334,DIY Savoy Consumables,,,,0,
cmp3nikcf00t1ckpvgwal2xrw,MUTTON CLOTH,,DIY Savoy Consumables,,,,0,
cmp2de6do000bo4pvem102klk,Marmoran 1mm Mali Spray,MAR-MALI-1MM-32KG,Marmoran,Paints,KG,32,0,
cmnehbj1a000709lgcld7g395,Marmoran Caledonplast - - GS10309-5,,Marmoran,,KG,32,0,
cmnehbizr000309lgsnvu0utg,Marmoran Caledonplast - Flawless GS10309-9,,Marmoran,,KG,32,0,
cmp3nibbr00sickpv8k5td6mc,Marmoran Caledonplast Flawless GS10309-9,INV0005119,Marmoran,,,,0,
cmp3niawn00shckpvnacrdgmj,Marmoran Caledonplast GS10309-5,INV0005113,Marmoran,,,,0,
cmmlvtg0y00bssgpvks7yxg2w,Marmoran Permaplast - Dark GS02186-2,,Marmoran,,KG,32,0,
cmp2de5o4000ao4pvs8reuemu,Marmoran Permasuede,MAR-PERMASUEDE,Marmoran,Paints,KG,25,0,
cmnehbj0j000509lgnbdfd7vr,Marmoran Permasuede - - GS10309-6,,Marmoran,,KG,32,0,
cmnq0idc8000i8wpvfadb4bxp,Marmoran Permasuede - Ice Tea - GS10309-10,,Marmoran,,KG,32,0,
cmp2de58i0009o4pvqoa3krfe,Marmoran RBP Primer,MAR-RBP-PRIMER,Marmoran,Primers,KG,20,0,
cmmkufknb003jg8plt2w419a6,Metal Water-based Primer,MWP000001,Plascon,Paints,,,0,
cmotoyoev005109jg2xxw1vy0,Metalcare Galvonised Iron Primer,GIP000000,DIY Savoy Plascon,,L,1,0,
cmmkufkvx003kg8pl93psknxe,Micatex,BBO,Plascon,Paints,,,0,
cmmkufl3e003lg8pl29vxs1fm,Micatex Tint Bases,TMX,Plascon,Paints,,,0,
cmmkuflip003ng8pl2nftfnhe,Mortalift,51 10 01,Plascon,Paints,,,0,
cmmkuflyl003pg8pl0dn2hxih,Multi-Surface Primer,WUP000001,Plascon,Paints,,,0,
cmmkuflr9003og8plunp8ww89,Multiseal,VSS,Plascon,Paints,,,0,
cmo1cz5wy000509kvmapqstoo,N356 Dust Masks,N000356,DIY Savoy Consumables,,EACH,1,0,
cmp3nowol018jckpvc6bfb7za,NAILS,,DIY Savoy Consumables,,,,0,
cmnre609m000209jpc5qkvanu,NAVARRO - FROST 30GG52/011 - AS PER SAMPLE,,Dekro Paints (Pty) Ltd,,L,20,0,
cmp3novch018gckpvohko0lhk,NUTEC,,DIY Savoy Consumables,,,,0,
cmp3ncqt100hkckpvt752a2pv,NY Super Universal Enamel Super,,,,,,0,
cmmkufmeg003rg8plw6gxp3ft,Nitrocellulose Lacquers,IL,Plascon,Paints,,,0,
cmmkufm65003qg8plsk6dad4j,Nitrolac H/B Dual,ANL,Plascon,Paints,,,0,
cmmkufmma003sg8plg0132s0d,Nuroof Cool Acrylic Roof Paint,TRP,Plascon,Paints,,,0,
cmp3opumq03mackpva0jq45z4,OXIDE,,,,,,0,
cmmkufmtx003tg8pldo0w5od0,One Coat Ceiling Paint,OCC,Plascon,Paints,,,0,
cmown13ie002b09jpfxf6sfdx,P80 SHEETS SAND PAPER,P000080,JF Paints Blouberg - Consumables,,EACH,1,0,
cmocgy9gx000h09jv99yqg8qp,PADLOCK -,,DIY Savoy Consumables,,EACH,1,0,
cmp3nnmg90151ckpvrwxkpi2h,PAINT BRUSH 50,,DIY Savoy Consumables,,,,0,
cmoch788d000b09ldq9zqc6mr,PAINT STRIPER,,DIY Savoy Consumables,,L,5,0,
cmp3nghbe00olckpv2jhozrq5,PAINTERS MATE SILICONE,INV119278,,,,,0,
cmown13re002g09jpueomaahi,PEH125 PLASCOGUARD 75 HARDNER,PEH000125,AA Paints Durbanville,,L,1,0,
cmock4qeu005tb0pvxv5x54oz,PEM,,Buco Montague Gardens,,L,6005,0,
cmp3nrs6601dzckpvt0bgxvz1,PEM000600 Prof. Contractors Matt,,DIY Savoy Plascon,,,,0,
cmp3nbd9s00evckpvjl22foe2,PEM00060020 Prof. Contractors Matt,PEM00060020,DIY Savoy Plascon,,,,0,
cmp3nonck017yckpv3vwc88qs,PEM0006005L Prof. Contractors Matt,,DIY Savoy Plascon,,,,0,
cmp3nctf800hqckpvicdgneds,PEM00090020 Prof. Super Matt Acrylic,PEM00090020,DIY Savoy Plascon,,,,0,
cmp3nl6o300z0ckpvakl43sir,PEM0009005 Prof. Super Matt Acrylic,PEM0009005,DIY Savoy Plascon,,,,0,
cmp3n5i4z0029ckpvhrca0qfg,PEM00100020 Prof. Superior Low Sheen,PEM00100020,DIY Savoy Plascon,,,,0,
cmp3ne5lb00keckpvrnbtj046,PEM0010005 Prof. Superior Low Sheen,PEM0010005,DIY Savoy Plascon,,,,0,
cmp3n4sx4000lckpvu59i6z47,PEM1000,,,,,,0,
cmp3nopfv0183ckpveu4qqlc3,PEM600,,DIY Savoy Plascon,,,,0,
cmown13qh002f09jpa0j0rql7,PEX75 - PLASCOGUARD 75 PRIMER,PEX000075,AA Paints Durbanville,,L,4,0,
cmp3ot68903xcckpvcji5cfdf,PGS000001 PROF WATERBASE GYPSUM SEALER,,DIY Savoy Plascon,,,,0,
cmp3osx6c03whckpvb57vt2it,PGS00000120L Prof. Waterbased Gypsum and Masonary,PGS0000012,DIY Savoy Plascon,,,,0,
cmp3nnojx0156ckpvb6z4supp,PICK HEAD NOVA,,DIY Savoy Consumables,,,,0,
cmp3oewan02mhckpvmwzsuowk,PLASTE GAS STOVE,,DIY Savoy Consumables,,,,0,
cmp3ojp0k02ykckpviub6wxqu,PLASTER BONDING LIQUID,INV118417,,,,,0,
cmmsxxm2m000e09i8wpzyrgfn,PLASTER KEY,,DIY Savoy Consumables,,KG,40,0,
cmp3noys7018ockpvo6wjetx4,PLASTER KEY PLASTER LOCK,,DIY Savoy Consumables,,,,0,
cmmltshg0000bsgpv0it111x4,PLASTER MIX,P-MIX,DIY Savoy Consumables,,KG,40,0,
cmmlvszoz00bgsgpv4libfzdc,PLASTER MIXBag 2,,Dulux,,,,0,
cmown0jr9000209jp89d5qhxi,PLASTER PRIMER - VS,,Versus Paint Specialist (Pty) Ltd,,KG,1626420,0,
cmp3ok78v030fckpv0o0fmi3y,PLASTER SAND,,,,,,0,
cmp3ortbj03sockpvvj003ul5,PLASTER SPONGE,,DIY Savoy Consumables,,,,0,
cmmrm121e000a6gpl6tnzbw70,PLASTIC DROP SHEET,,JF Paints Blouberg - Consumables,,EACH,1,0,
cmo1cypba003g09ien2dbjnht,PLASTIC FLOAT,,DIY Savoy Consumables,,EACH,1,0,
cmp3ocrps02hxckpvz7z64hrj,PLATE ELECTRIC STOVE,,DIY Savoy Consumables,,,,0,
cmp3nd05500i8ckpvaodkhtyg,PP PROF PLASTER PRIMER,,DIY Savoy Plascon,,,,0,
cmp3nd5x000iickpvqvxjoxx9,PP Prof. Gypsum and Plaster Primer,,DIY Savoy Plascon,,,,0,
cmp3n4shm000kckpv5smm179g,PP700,,,,,,0,
cmp3omp5s03a6ckpv9gsj6lag,PRE MIX PLASTER,,DIY Savoy Consumables,,,,0,
cmocgy9vz000j09jvu0lbpd12,PRE-MIX PLASTER SAND,,DIY Savoy Consumables,,KG,40,0,
cmp3omk35039nckpvs9xqe48m,PRE-MIX SAND,,DIY Savoy Consumables,,,,0,
cmown13p1002e09jpiyk056ax,PRH000009715ML Hardener for Plascothane,PRH000009715,AA Paints Durbanville,,L,1,0,
cmp3ovn3u0453ckpva7737uv4,PROF PLASTER PRIMER,PP 064602,THE RED PAINT SHOP,,,,0,
cmo1d01ia003709kvu77cq59y,PROMINENT NEUKLAD - S1500-N WINTER CLAM,,Prominent Paints,,L,5,0,
cmo1d01ja003809kvn93gpizu,PROMINENT ROOF AND PAVING 8500-N UP IN SMOKE,,Prominent Paints,,L,5,0,
cmo1d01kg003909kv27rz3392,PROMINENT WALL AND CEILING -,,Prominent Paints,,L,5,0,
cmown13my002c09jpu7cr5x3a,PRT0090014.286L Plascothane 9000 - INDO GROTTO B2-B1-1,PRT0090014,AA Paints Durbanville,,L,4,0,
cmown13nx002d09jpscqqir4c,PRT0090024.286L Plascothane 9000 - WAKE UP O5-A1-1,PRT009002,AA Paints Durbanville,,L,4,0,
cmp3oach202djckpvro0t3pcp,PSB00060020L Prof. Damp Plaster Paint,PSB0006002,,,,,0,
cmp3owha3048lckpv7wjghk9p,PU DTM HB SATIN BATTLESHIP G13,,,,,,0,
cmp3n4wx2000tckpv9fhh92pe,PU Prof.General Purpose Undercoat,,DIY Savoy Plascon,,,,0,
cmp3nnwke0166ckpv5ngakitn,PVC CONDUIT,ROLL 636872,,,,,0,
cmp3nnkcq014wckpvrdhkw0rx,PVC COUPLING,,DIY Savoy Consumables,,,,0,
cmp3no0ua016mckpvtdb3jkxq,PVC LENGTHS,,DIY Savoy Consumables,,,,0,
cmp3nnjxm014vckpv86nn8b1w,PVC STOPEND,,DIY Savoy Consumables,,,,0,
cmp3ng68m00nxckpvmo7ihswi,PWC Prof.Waterproofing Compound,,DIY Savoy Plascon,,,,0,
cmp3o7h0i0288ckpv1hllscwd,PWC520,,The Paint Place,,,,0,
cmp3nwns701pqckpvipkpkywj,Pack 10MM BACKING CORD,,DIY Savoy Consumables,,,,0,
cmp3o7yxk0293ckpveva7d904,Pack BACKING CORD,INV031977,DIY Savoy Consumables,,,,0,
cmp3odt1s02jvckpvyb3hh5bz,Packs 15MM BACKING CORD,,DIY Savoy Consumables,,,,0,
cmp3nnwzh0167ckpv2q502t0l,Packs 636872 20MM PVC MALE COUPLINGS,,,,,,0,
cmmkyflz60003c4plak1vi1p8,Paint Stripper,CON-PAINT-STRIP,DIY Savoy Consumables,,UNIT,1,0,
cmp3neg3s00kwckpvgopca6v3,Pairs 633124 GLOVES,,,,,,0,
cmp3orveu03t0ckpv7gbl7yxw,Pairs Bata Memphis Safety Boot Size 10,,DIY Savoy Consumables,,,,0,
cmp3orvty03t1ckpvowl0whh2,Pairs Bata Memphis Safety Boot Size 11,,DIY Savoy Consumables,,,,0,
cmmkufn0p003ug8pl5gxc2dle,Paramount Gloss Enamel,PAR000800,Plascon,Paints,,,0,
cmmkufn81003vg8pllwlcs4jh,Paramount Householders PVA,NLC,Plascon,Paints,,,0,
cmmkufnff003wg8pl5zree6jb,Paramount Plaster Primer: Water-based,PPW000001,Plascon,Paints,,,0,
cmmkufnnl003xg8plutrwhaha,Paramount Universal Paint Stainers,33700-07,Plascon,Paints,,,0,
cmnehbj4i000b09lg7014guk4,Penetrating Pigmented Primer - COLOUR: TP1210 – 140-6 BRAVURA,,Technopol SA,,KG,20,0,
cmnehbj36000909lgrgkgk0zo,Penetrating Pigmented Primer - COLOUR: TP1210 – 141-1 KNIGHTS NIGHT,,Technopol SA,,KG,20,0,
cmp3oel2w02lxckpvgeryiqni,Perlon 100mm complete,,DIY Savoy Consumables,,,,0,
cmmkufo31003zg8plzqu318ad,Plasclac Catalyst,KAT001104,Plascon,Paints,,,0,
cmmkufnve003yg8pl7vbn3qgi,Plascoguard,FHB,Plascon,Paints,,,0,
cmnsnp14j000009jrt47620yc,Plascoguard Gehopon 3000 WB Light,GW000373,DIY Savoy Plascon,,L,5,0,
cmmltsd7j0008sgpvdkbv19cs,Plascon Skim Coats-Interior,,AA Paints Durbanville,,KG,23,0,
cmp2de2uh0004o4pvtdj7u53k,Plascon Universal Undercoat,,Plascon,Undercoats,L,5,0,
cmmkufoa70040g8pl5h5es8hg,Plascoprime,UC000207,Plascon,Paints,,,0,
cmmkufohi0041g8plae5cy35b,Plascoprime Self Etch Primer,SNS000001,Plascon,Paints,,,0,
cmmkufow90043g8pl2inmpbua,Plascosafe,PWI / TWI,Plascon,Paints,,,0,
cmmkufqa7004ag8pl9828xvce,Plascosafe 18 Primer,EMS000018,Plascon,Paints,,,0,
cmp3na1sl00c3ckpvfg13ibl2,Plascosafe 18 Primer Oxide,,DIY Savoy Plascon,,,,0,
cmp3o4m2t0240ckpvjzsdafmr,Plascosafe 18 WB Oxide Primer,,DIY Savoy Plascon,,,,0,
cmmkufp3g0044g8plm6cmvyvw,Plascosafe Water-based Floor Coating,WFC,Plascon,Paints,,,0,
cmmkufpa80045g8pl2l5hbfiq,Plascosafe Water-based Multicoat,FFW,Plascon,Paints,,,0,
cmmkufpp70047g8plxwtbghx3,Plascothane,PRT/PRH/PT,Plascon,Paints,,,0,
cmmkufpwl0048g8plgy04nxo5,Plascothane Catalyst,KAT000518,Plascon,Paints,,,0,
cmmkufq3d0049g8pluctmnc1v,Plascothane Industrial Polyurethane Enamels,UP,Plascon,Paints,,,0,
cmmkufqgz004bg8plwc8c5d2v,Plascothane PureCoat,PUC,Plascon,Paints,,,0,
cmmkufquj004dg8pl3lfube2k,Plascotuff Coal Tar Pitch Coating,EPD/EPT,Plascon,Paints,,,0,
cmmkufr1b004eg8pl7ls4l9xf,Plascotuff Gehopon 3000 WB,GW,Plascon,Paints,,,1,Plascon
cmmkufr85004fg8plydz9zb0r,Plaster Primer (Crown),CPP000002,Plascon,Paints,,,0,
cmmkufrew004gg8plg4ht3hf4,Plaster Primer (Plascon),UC000056,Plascon,Paints,,,0,
cmp3nitu200tpckpvuy64xkzo,Polycell Polyfilla Mendall 90 2 x,PACK 8016017249,DIY Savoy Plascon,,,,0,
cmp3okntu0329ckpvjpk90i2b,Polycell Sugar Soap Cleaner Powder 20 x,PACK 5017037241,,,,,0,
cmp3ni50z00s5ckpvbv9w1bpb,Polycell Woodfiller 4 x,PACK 632403,,,,,0,
cmmkufrlo004hg8plvv75yiys,Polyfilla Exterior,10 19 03,Plascon,Paints,,,0,
cmmkufrsf004ig8pllv9lsh4y,Polyfilla Fine Crack Filler,10 18 01,Plascon,Paints,,,0,
cmmkufrz8004jg8pl74kylzsb,Polyfilla Interior,10 10 02,Plascon,Paints,,,0,
cmmkufs60004kg8plwbgvui74,Polyfilla Masonry Patching Plaster,10 20 03,Plascon,Paints,,,0,
cmmkufsct004lg8plwnc960vo,Polyfilla Mendall 90,80 16 01,Plascon,Paints,,,0,
cmmkufsjl004mg8plcjrtrg0z,Polygalv Zinc Rich Primer,SN 000176,Plascon,Paints,,,0,
cmmuf9xei000009l7szght5q2,Pre-Mix Plaster,,DIY Savoy Consumables,Plastering,,,0,
cmp3naox100dickpvoxfw9lvi,Prof Superior Low Sheen Acrylic,,,,,,0,
cmo1cyocs003909iefr9hjycf,Prof. Eggshell,,AA Paints Durbanville,,L,20,0,
cmp3oj3k902vuckpvyl8iho1j,Prof. Elastoshield ADDO SKIN,TED 065487,DIY Savoy Plascon,,,,0,
cmp3oiynm02ukckpv0rjo61t4,Prof. Elastoshield ADDOS KIN,TED 067000,DIY Savoy Plascon,,,,0,
cmp3oiz3702umckpvjg3u3poq,Prof. Elastoshield CRETE SHORE,TED 067094,DIY Savoy Plascon,,,,0,
cmp3o6op9026eckpvb221rje5,Prof. Elastoshield FOSSIL,TED 066413,DIY Savoy Plascon,,,,0,
cmp3oiwjx02ufckpvt76a4q8g,Prof. Elastoshield MOSS TOCUH,,DIY Savoy Plascon,,,,0,
cmp3oiuej02uackpvl20ujefk,Prof. Elastoshield OFF SHORE,,DIY Savoy Plascon,,,,0,
cmp3oiutv02ubckpv56gen3qc,Prof. Elastoshield OFFSHORE,TED 065637,DIY Savoy Plascon,,,,0,
cmmlts7qk0003sgpvcf3go4bh,Prof. Marroca Rippled Low Sheen,PTX001400,AA Paints Durbanville,,L,20,0,
cmp3nhf1g00qeckpvvbqo1yod,Prof.General Purpose Undercoat,PU 064200,,,,,0,
cmotoyev2002q09jg6zisbfha,Promac Paint Stripper,,DIY Savoy Consumables,,L,5,0,
cmp3now9i018ickpv1xr0ipp3,QUADRANT H/WOOD,,DIY Savoy Consumables,,,,0,
cmmkufsqd004ng8pl45qzxw49,Quick Drying Enamels,QDE,Plascon,Paints,,,0,
cmmkufsx6004og8plcps2i4mh,Quicksand Primer Surfacer,PS000202,Plascon,Paints,,,0,
cmotoye6n002j09jg6uosef7s,RBP PRIMER - JET BLACH GS10218-1,,Marmoran,,KG,8,0,
cmnehbj0w000609lgxu724cy7,RBP Primer - - GS10309-5,,Marmoran,,KG,32,0,
cmnehbj05000409lgkb0zelqd,RBP Primer - - GS10309-6,,Marmoran,,KG,32,0,
cmmlvteuu00brsgpvs9ni4krq,RBP Primer - Dark GS02186-2,,Marmoran,,KG,8,0,
cmnehbiz5000209lga5lhk6oy,RBP Primer - Flawless GS10309-9,,Marmoran,,KG,32,0,
cmnq0ic6t000h8wpv53oj3xgl,RBP Primer - Ice Tea - GS10309-10,,Marmoran,,KG,32,0,
cmp3nia2a00sfckpvnkars8zp,RBP Primer Flawless GS10309-9,INV0005104,Marmoran,,,,0,
cmp3niahi00sgckpv6tna9hqg,RBP Primer GS10309-6,,Marmoran,,,,0,
cmnehbjbx000j09lgvca7147k,RHINOLITE,,DIY Savoy Consumables,,KG,12,0,
cmmlub1aj003nsgpvc4hs191s,RIPPLE ROLLER,,JF Paints Blouberg - Consumables,,EACH,1,0,
cmmjkup6m000109jofqa04opm,ROCKGRIP,ROCKGRIP,Dulux,Paints,,,0,
cmotpb5mq000809l4p4jfpjeq,ROCKGRIP NIGHT JEWEL,,The Paint Place,,L,20,0,
cmp3nnm120150ckpvond1z51v,ROLLER FOAM,,DIY Savoy Consumables,,,,0,
cmp3obt3902fzckpv3w7kz57t,ROOFGUARD,,Baumer and Son Rosebank,,,,0,
cmmltjjm50006scpvit3iouq1,ROOFGUARD - BASIC,,Dulux,,L,20,0,
cmp3o6umq026sckpvgp78qq0j,ROOFGUARD BASIC,,Dulux,,,,0,
cmmkuf4sl001ag8plnyvdf634,Ready Mixed Crack Filler,PRM000001,Plascon,Paints,,,0,
cmmkuf4lt0019g8plc94x79cl,RemovALL High Performance Coatings Remover,RRH,Plascon,Paints,,,0,
cmmkuf4f10018g8pl6kh5a2fi,RemovALL High Strength Cleaner & Degreaser,RCI,Plascon,Paints,,,0,
cmmkuf4zd001bg8pllcvjgm2d,Ripple Finish,99 01 01,Plascon,Paints,,,0,
cmmkuf565001cg8plmofi72od,Road Line Paint Thinner,HVL000001,Plascon,Paints,,,0,
cmmkuf5cx001dg8plbn23dnpk,Road Marking Paint (Non - SABS),TP,Plascon,Paints,,,0,
cmmkuf5jr001eg8pleu2me2wm,Rockset,10 22 01,Plascon,Paints,,,0,
cmp3n6t6j005hckpvowt21nma,Roll 1M X100M GEO TEXTILE,ACC492798,DIY Savoy Consumables,,,,0,
cmp3o970m02b1ckpvujkend7k,Roll BACKING CORD,,DIY Savoy Consumables,,,,0,
cmp3n6iol004qckpvy3al6gyp,Roll GEOTEXTILE 50 PESSED,,DIY Savoy Consumables,,,,0,
cmp3nnsce015vckpvmb8siryu,Rolls 636264 PLASTIC,,,,,,0,
cmp3oii6302tqckpvl92eggkc,Rolls 6m x 60mic x 30m STD Sheeting,INB059417,,,,,0,
cmmkuf5qj001fg8plx1d3qc9q,Roof Paint (True Colour),TCR (1 - 8),Plascon,Paints,,,0,
cmp3nlhkg00zockpvq1k0wxq9,S/B PEARLGLO WONDERLAND,,Dulux,,,,0,
cmmrm14d6000c6gpl0e3nw117,SAFE081P - FFP2 PREMIUM FACE MASK WITH VALVE - 15/box Boxes 3,SAFE000081,G-Fox,,,,0,
cmp3nnhu8014qckpvngwh6cop,SAND DIY BUILDER MIX,,DIY Savoy Consumables,,,,0,
cmp3nncsw0148ckpv0sr3txap,SAND DIY BUILDERS,,DIY Savoy Consumables,,,,0,
cmp3nn62t013mckpvoi4fd3k2,SAND DIY BUILDING,,,,,,0,
cmp3nnfb8014eckpvlyceb0c3,SAND DIY PLASTER,,DIY Savoy Consumables,,,,0,
cmp3nnfqa014fckpvdhb1o4at,SAND DIY RIVER,,DIY Savoy Consumables,,,,0,
cmp3noxis018lckpvpvdceh1g,SANDPAPER,,DIY Savoy Consumables,,,,0,
cmp3okfg9031fckpvatn3to2p,SANDPAPER = P100,,DIY Savoy Consumables,,,,0,
cmnre60dv000309jpi9034d1q,SANDPAPER SHEETS GRIT,,DIY Savoy Consumables,,EACH,1,0,
cmp3ocs4t02hyckpvcjctjyq3,SAUSAGE SILICONE GUN,,DIY Savoy Consumables,,,,0,
cmp3nneh3014cckpvepe4tub0,SAW HAND,,DIY Savoy Consumables,,,,0,
cmo1cz5j4000209kvz2fj96p4,SB GLOSS ENAMEL - DEKADE,,Shave Industrial Boksburg,,L,20,0,
cmp3orsvx03snckpvma8stuy8,SCOTCH COMB HAMMER and COMBS,,DIY Savoy Consumables,,,,0,
cmp3nox3o018kckpvysbrzm9v,SILICONE GD SCREWS,,DIY Savoy Consumables,,,,0,
cmp3o8gw8029vckpvdsp3dbws,SILICONE GUN,,DIY Savoy Consumables,,,,0,
cmp3ojw5z02zbckpvpe87ybui,SMX35,,Soudal SA (Pty) Ltd,,,,0,
cmocjvtnq001ob0pv67hr0upi,SMX35 - SILICONE,SMX000035,Soudal SA (Pty) Ltd,,EACH,1,0,
cmo1cxeog000609ie27t90j8o,SMX35 - SOUDAL SILICONE,,Soudal SA (Pty) Ltd,,EACH,1,0,
cmp3ofrch02nxckpvcrh4ijhz,SOLVTINT 900GR,,,,,,0,
cmo1cxev9000b09iehnym3fj9,SOUDAFLEX 40FC -,,Soudal SA (Pty) Ltd,,EACH,1,0,
cmp3oozd203j8ckpv6utzyyar,SP Stoep Enamel Light,,DIY Savoy Plascon,,,,0,
cmmlvtk5o00bvsgpv5yf744ye,SPONGE MATRESS,,DIY Savoy Consumables,,EACH,1,0,
cmmlvmv4z007asgpvsr1ylnxp,SPONGE MATRESSES,,DIY Savoy Consumables,,EACH,1,0,
cmp3o9k2v02buckpvceck04pv,SPONGE MATTRESS,,,,,,0,
cmp3nabky00cpckpvsah8qvuo,SPRAYON METALIC,,DIY Savoy Consumables,,,,0,
cmoch78b1000c09ld5bnbn2hq,STANDARD HEALTH AND SAFETY FILE - FCP,,Amkhoib Contractor Consultants (Pty) Ltd,,EACH,1,0,
cmp3nnb4o0145ckpv9rq8y2iv,STEEL REF,,,,,,0,
cmmlu8zu7002gsgpvr9r6jvqh,STEEL TROWEL,,JF Paints Blouberg - Consumables,,EACH,1,0,
cmp3ny7a101scckpvsfduhmiq,STEEL WOOL,PACK 624846,DIY Savoy Consumables,,,,0,
cmp3nn2qf013gckpvzehslkz3,STEEL Y-BAR,,,,,,0,
cmp3nnd7y0149ckpvff41hyfz,STEEL Y-BAR Y12,,DIY Savoy Consumables,,,,0,
cmp3nndmz014ackpv27xx9753,STEEL Y-BAR Y16,,DIY Savoy Consumables,,,,0,
cmp3orfsf03rackpvphzdslff,STEELTECT 65968 W/B,,,,,,0,
cmp3no19e016nckpv6e7fsxn7,STRAIGHT COUPLINGS,,DIY Savoy Consumables,,,,0,
cmp3owsc1049pckpv1ob1tpsq,SUGAR SOAP,,DIY Savoy Consumables,,,,0,
cmp3odphu02jockpv8iqg5x2g,SUN035 FIRE EXTINGUISHER and BRACKET,SUN000035,,,,,0,
cmp3nmjge0128ckpvrbnm8wtx,SUPERGRIP PRIMER,,,,,,0,
cmo1cz5jt000309kvvg2454jz,SURFACE - CONDITIONER PLASTER PRIMER,,Shave Industrial Boksburg,,L,20,0,
cmmkuf5xa001gg8playeg9vg3,Sanding Sealer,SS000015,Plascon,Paints,,,0,
cmp3nk7bq00wtckpvhppn81ei,Sandpaper P60,,DIY Savoy Consumables,,,,0,
cmmlvtmvz00bxsgpvdpmj5nb2,Sandpaper P80,1951,DIY Savoy Consumables,Preparation,EACH,1,0,
cmown1k61004k09jpgqp79666,Sandpaper P80 50,,DIY Savoy Consumables,,EACH,1,0,
cmmkuf642001hg8pl0joowv15,Schoolboard Paint,FOP,Plascon,Paints,,,0,
cmp3ok9c9030pckpvxppdsk31,Seal and Stretch,SMX35,Soudal,,,,0,
cmp3nlq4b010bckpvw2b9u23a,Sheets Grit P100 Sandpaper,,DIY Savoy Consumables,,,,0,
cmp3nlqjc010cckpvu439je87,Sheets Grit P120 Sandpaper,,DIY Savoy Consumables,,,,0,
cmp3nlqye010dckpv3zz4t0px,Sheets Grit P150 Sandpaper,,DIY Savoy Consumables,,,,0,
cmp3nlrdh010eckpvzybnhokl,Sheets Grit P180 Sandpaper,,DIY Savoy Consumables,,,,0,
cmp3nlrsh010fckpvbsb8ob74,Sheets Grit P220 Sandpaper,,DIY Savoy Consumables,,,,0,
cmp3nmf2s011wckpvh76c695b,Simply Metal and Rust Chromodeck,,,,,,0,
cmmkuf6od001kg8plu3qzx3v0,Skim Coats - Interior,PSI,Plascon,Paints,,,0,
cmp3nljnt00zvckpvymu5ry5v,Solvent Based Pearlglo Enamel Woodland House Hunter,,Dulux,,,,0,
cmp3nq54y01azckpvt7ekrpzx,Soudal Floorcovering Adhesive,,Soudal,,,,0,
cmnrfyd3p000009iikfhmqbaf,Standard Health and Safety File - Firstclass Projects,,Amkhoib Contractor Consultants (Pty) Ltd,,EACH,1,0,
cmmhvbjwr002kmsplnpg3eq1k,Sterishield Diamond E/Shell Ex/ Tint,,Dulux,Paints,,,1,Dulux
cmmhvbj5t002gmspleqgjl4xw,Sterishield Diamond E/Shell Light Tinted,,Dulux,Paints,,,1,Dulux
cmmhvbisc002emsplqofsfu76,Sterishield Diamond Eggshell,,Dulux,Paints,,,1,Dulux
cmmkuf6v5001lg8pl61beymhg,Stoep Enamel,SP,Plascon,Paints,,,0,
cmmkuf723001mg8plkj0hm7ik,Suede,SDE,Plascon,Paints,,,0,
cmmkuf790001ng8plvv0497ym,Suede Tint Base,TSD001000,Plascon,Paints,,,0,
cmmkuf7fw001og8plun6hef62,Sugar Soap Liquid,50 18 01,Plascon,Paints,,,0,
cmmkuf7mp001pg8plox91605n,Sugar Soap Powder,50 17 03,Plascon,Paints,,,0,
cmmkuf7th001qg8plpmishhm4,Super Acrylic Polvin (Plascon),EPL,Plascon,Paints,,,0,
cmmkuf809001rg8pl7o2fwind,Super Acrylic Polvin Tint Bases (Plascon),TAP,Plascon,Paints,,,0,
cmmkuf951001xg8ple76rml7r,Super Hycover,CNC000001,Plascon,Paints,,,0,
cmmkuf8kq001ug8plo1ia8fxm,Super Matt (Professional),PEM000900,Plascon,Paints,,,0,
cmmkuf8rh001vg8plhk6pm851,Super Matt Tint Bases (Professional),TSA,Plascon,Paints,,,0,
cmmkuf8ya001wg8pljqziwqij,Super Penetrating Stains,SPS,Plascon,Paints,,,0,
cmocr9b3y000109l1bg6u9f6h,Super Universal Enamel Battleship,,DIY Savoy Plascon,,L,5,0,
cmp3ne9sd00knckpvl63qofr2,Super Universal Enamel Broken,,,,,,0,
cmn2saqyu000309jutb6jnmlj,Super Universal Enamel Medium,G 000006,Plascon,,L,5,0,
cmp3njvt500w4ckpvlzylpfjs,Super Universal Enamel Signal,,DIY Savoy Plascon,,,,0,
cmmkuf8dy001tg8plcyp7u7uc,Super Universal Enamel Tint Bases (Plascon),TSE,Plascon,Paints,,,0,
cmmkuf9bt001yg8plltky6o9x,Superior Low Sheen,PEM001000,Plascon,Paints,,,0,
cmmkuf9iq001zg8pl4uokow9e,Superior Low Sheen Tint Bases,TLS,Plascon,Paints,,,0,
cmmkuf9wa0021g8plhbvj7r0j,Superior Matt Tint Bases,TPM,Plascon,Paints,,,0,
cmmkufa320022g8plfelfp7ca,Superior Satin,PEM001100,Plascon,Paints,,,0,
cmmkufaa60023g8plu6d54mm7,Superior Satin Tint Bases,THS,Plascon,Paints,,,0,
cmmkufagy0024g8plqcjli4al,Synlac,SL002000,Plascon,Paints,,,0,
cmmkufauj0026g8pls6vji1pc,Synlac Industrial Enamels,SL,Plascon,Paints,,,0,
cmp3ot6nt03xdckpvivnp0mit,TAP E30-7 EXPRESSION,,DIY Savoy Plascon,,,,0,
cmp3o3xgs022lckpvy3rxv5tp,TAP00101020L Polvin Super Acrylic Tintbase,TAP0010102,DIY Savoy Plascon,,,,0,
cmp3ovsxy045lckpvapxhd1cf,TAP0010105L Polvin Super Acrylic Tintbase,,DIY Savoy Plascon,,,,0,
cmmlvtlp400bwsgpvx3qgdkbs,TAP0010105L Polvin Super Acrylic Tintbase - TENT E16-5 1 SHADE LIGHTER,TAP001010,Plascon,,L,5,0,
cmmlvpc4q009hsgpv8vj1pzwu,TARDE100 - 50YY63/041 DESIGNERS,,Dulux,,L,20,0,
cmp3oc1p402gjckpvm9o0s1tq,TBD0000015L Brick and Slasto Dressing,,,,,,0,
cmp3ovdq1043uckpv24lsvtxp,TCA001000 Cashmere Tint Base,TCA001000,DIY Savoy Plascon,,,,0,
cmotn43h1002w09l892qxlj94,TCR 420L True Colour Roof Paint,TCR000004,DIY Savoy Plascon,,L,20,0,
cmp3noajw017eckpvd2uemyg8,TDV ICEBERG A32-1,,,,,,0,
cmp3noa4u017dckpva77yndkb,TDV TRAFFIC RAL9016,,,,,,0,
cmp3ncxm900i1ckpvu9x0y6rz,TDV001000 Double Velvet 30YY78/035,,DIY Savoy Plascon,,,,0,
cmp3n5ywv003mckpvmmbclnbi,TDV001000 Double Velvet INTENSE GUN,,DIY Savoy Plascon,,,,0,
cmp3n5qsj002zckpv31tjkaro,TDV001000 Double Velvet MATT,,DIY Savoy Plascon,,,,0,
cmp3n5v0t003bckpvlmii3jt1,TDV00100020L Double Velvet,,DIY Savoy Plascon,,,,0,
cmp3n5zr5003ockpv1nn84qex,TDV00100020L Double Velvet ALLOY,TDV0010002,DIY Savoy Plascon,,,,0,
cmp3n61fg003tckpvdsra96pk,TDV00100020L Double Velvet INTENSE,,DIY Savoy Plascon,,,,0,
cmp3n5r7p0030ckpvourgvocp,TDV00100020L Double Velvet MARIANS,,DIY Savoy Plascon,,,,0,
cmp3oj6ii02wackpvm07ytani,TED Prof. Elastoshield,,,,,,0,
cmp3oj0zw02vgckpvr7hjhwyn,TED Prof. Elastoshield CRETE SHORE,,,,,,0,
cmp3oj1f302vickpvxvcvs619,TED Prof. Elastoshield MOSS TOUCH,,,,,,0,
cmp3oj63d02w8ckpv331l2iqx,TED Prof. Elastoshield OFFSHORE,,,,,,0,
cmp3o778b027kckpvu237fgjv,TEG00100020L Prof. Eggshell Enamel,TEG0010002,,,,,0,
cmmltjid90005scpvyesrugvl,TEG00100020L Prof. Eggshell Enamel - GR-Y01 GENEVA MORN,TEG001000,Plascon,,L,20,0,
cmnehbj56000c09lgf9555iyi,"TERRACO GRAVITEX EXCEL 1MM, COLOUR: TP1210 – 140-6 BRAVURA -",,Technopol SA,,EACH,1,0,
cmnehbj3w000a09lg09qw0xxc,"TERRACO GRAVITEX EXCEL 1MM, COLOUR: TP1210 – 141-1 KNIGHTS NIGHT -",,Technopol SA,,EACH,1,0,
cmp3ne7hh00khckpv389sv11o,TGE001000 Prof. Gloss Enamel BANTRY,,DIY Savoy Plascon,,,,0,
cmp3ngon000ozckpv4f3sk431,TGE001000 Prof. Gloss Enamel BARROW,,DIY Savoy Plascon,,,,0,
cmp3nx31f01qickpvnkupd5qm,TGE0010005L Prof. Gloss Enamel,,DIY Savoy Plascon,,,,0,
cmp3olvw8036mckpvyfekhm1u,TGE0010005L Prof. Gloss Enamel EWA,,DIY Savoy Plascon,,,,0,
cmp3ncr8400hlckpvyx1c4omx,TGE0010005L Prof. Gloss Enamel G15,,,,,,0,
cmmlw18zc00fisgpvj15rcfel,TILE ADHESIVE CEMENT,,Dulux,,KG,20,0,
cmp3njen700v5ckpvqk3j8z3x,TILE GROUT,,DIY Savoy Consumables,,,,0,
cmmlub42k003psgpv0hhksabq,TILE GROUT - DOVE,,DIY Savoy Consumables,,KG,5,0,
cmp3oilj502twckpvgiwj5avv,TILE GROUT DOVE,,,,,,0,
cmotoydx0002i09jgmq1stg4r,TIMBA PRESERVATIVE -,,JF Paints Blouberg - Dulux,,L,5,0,
cmp3n6fyc004lckpvstzsx45l,TIMBAPRESERVATIVE,,,,,,0,
cmock4nnz005rb0pv7cgnqvox,TLS - BERKELEY 30BG16/133,,Buco Montague Gardens,,L,5,0,
cmock4c1z005ib0pvuqazp5zp,TLS - BUMESE 40YY51/084,,Buco Montague Gardens,,L,5,0,
cmock4emf005kb0pvde180jef,TLS - CHEEKY 78GG19/078,,Buco Montague Gardens,,L,5,0,
cmock4l33005pb0pvg7vidy0q,TLS - CLAY WALLS 57YR27/,,Buco Montague Gardens,,L,2265,0,
cmotn6vhd007i09l8gz8w685i,TLS - CRETE SHORE,,THE RED PAINT SHOP,,L,525,0,
cmock4mdq005qb0pvym8aj6y5,TLS - FOREST FANTASY 17GY27/098,,Buco Montague Gardens,,L,5,0,
cmock4arh005hb0pvabzv7zhh,TLS - JEAN 45GY55/,,Buco Montague Gardens,,L,525,0,
cmock4dc8005jb0pvjcjn59a7,TLS - KAKI DAYLIGHT 20GY46/039,,Buco Montague Gardens,,L,5,0,
cmock49h5005gb0pvka81v8c5,TLS - KITTEN 30YY78/035,,Buco Montague Gardens,,L,5,0,
cmo1cz5cw000009kv8ptrg1pl,TLS - SEASON 21 LIGHT,,DIY Savoy Plascon,,L,20,0,
cmock4js9005ob0pv2s0yvt2v,TLS - THYME 70YY46/,,Buco Montague Gardens,,L,1605,0,
cmp3n7pzn007ickpvljhqzk3a,TLS BERLIN BLOCK GR-B09,,,,,,0,
cmp3n7qes007jckpvkubfvyyy,TLS STERLING 39,,,,,,0,
cmnftuqdx000209l7ikqwmwir,TLS00100020L - PLASTER E16-,TLS00100020,Plascon,,L,220,0,
cmp3nsp5k01g9ckpvq95yqwz5,TLS00100020L Prof Superior Low Sheen Acrylic,TLS0010002,DIY Savoy Plascon,,,,0,
cmp3n5ju5002dckpvka0nznnj,TLS0010005L Prof Superior Low Sheen Acrylic,,DIY Savoy Plascon,,,,0,
cmp3nrv3b01e4ckpvuxl451a7,TLS00200020L Prof Superior Low Sheen Acrylic,TLS0020002,DIY Savoy Plascon,,,,0,
cmp3nracc01cyckpvq0mjz1x4,TLS0020005L Prof Superior Low Sheen Acrylic,,DIY Savoy Plascon,,,,0,
cmp3osn2203vlckpvb0sqdlzg,TLS0030105L Prof Superior Low Sheen Acrylic,,DIY Savoy Plascon,,,,0,
cmp3ne3wj00kbckpv9mevzxio,TMX001050 Micatex Tint Base APS,,DIY Savoy Plascon,,,,0,
cmp3oeak502kyckpv8if8iqvg,TMX00105020L Micatex Tint Base CHARLESTON,,DIY Savoy Plascon,,,,0,
cmp3naucd00dtckpvvagtdpbs,TMX00105020L Micatex Tint Base ISLAND,TMX0010502,DIY Savoy Plascon,,,,0,
cmp3nav4w00duckpvv0rlnrd6,TMX00205020L Micatex Tint Base SUBLE NIGHT,TMX0020502,DIY Savoy Plascon,,,,0,
cmp3n8jgy0093ckpvk80j8bra,TP Hysheen Rd Mark Pnt SABS731 LF,,DIY Savoy Plascon,,,,0,
cmotn5z59005h09l86ofv62h0,TRADE 65 - SONG PORCELAIN,,JF Paints Blouberg - Dulux,,L,20,0,
cmp3o119d01xickpvtzphvhof,TRADE100,,Dulux,,,,0,
cmmsxxlye000609i8giktvqk0,TRADE100 - 30YY56/060 FOSSIL,,Dulux,,L,20,0,
cmp3n9gia00b1ckpvkrevbpy9,TRADE100 ALLOY TOUCH 21BG45/002,,Dulux,,,,0,
cmp3n9efg00ayckpvy1zg8mum,TRADE100 BASE 7,,Dulux,,,,0,
cmp3ndy1d00jyckpvxi1tbby1,TRADE100 BUCKLE 28GG22/002,,Dulux,,,,0,
cmp3onjc003cxckpvrnnczbwp,TRADE100 CITY FOG GR-N01 SPECIAL REF,,Dulux,,,,0,
cmp3n9usz00bmckpvyjqgymhi,TRADE100 SNOWFIELD 00NN72/000,,Dulux,,,,0,
cmp3n994400abckpvkvpl0gq7,TRADE100 SONG PORCELAIN 00NN83/000,,Dulux,,,,0,
cmp3n9v8600bnckpvb892ccoy,TRADE100 STEEL 1 00NN31/000,,Dulux,,,,0,
cmp3nw6zo01otckpvd2l838nh,TRADE100 SULPHUR SPRING SPECIAL (LITEGLO,,Dulux,,,,0,
cmp3oudvb040wckpv1svtfam1,TRADE100 TRAFFIC,,Dulux,,,,0,
cmp3o9s3r02cbckpvowg4ohyg,TRADE100 URBAN VIEW,,Dulux,,,,0,
cmp3n9tj700bjckpvfgofy0qr,TRADE65,,Dulux,,,,0,
cmnfm3m6l005109jvrk57fbpp,TRADE65 - 30GY83/021 CHIFFON,,The Paint Place,,L,5,0,
cmotn6vsw007k09l84etjbdhq,TRADE65 - ALLOY TOUCH 21BG45/002,,JF Paints Blouberg - Dulux,,L,20,0,
cmotn43ql002x09l85fmpksa7,TRADE65 - CITY FOG GR-N01 SPECIAL REF,,Dulux Specialist Paint Centre - Gezina,,L,5,0,
cmown149b002l09jpi7tg1tca,TRADE65 - CITY LIFE 44YY75/033,,JF Paints Blouberg - Dulux,,L,20,0,
cmotoydvc002h09jgj4ayl19r,TRADE65 - QUIET HIDEAWAY 81YY81/016,,JF Paints Blouberg - Dulux,,L,20,0,
cmnsv7rs1000009l2yp7ten1r,TRADE65 - QUIET HIDEAWAY 81YY86/016,,JF Paints Blouberg - Dulux,,L,20,0,
cmo1cxefn000409ie5vafiwbj,TRADE65 - QUIET HIDEAWAY 82YY81/016,,JF Paints Blouberg - Dulux,,L,20,0,
cmmlvpdj9009isgpv2ertfpmb,TRADE65 - S0502-R50B,,Dulux,,L,20,0,
cmmsxxlzk000909i8cuel3mgj,TRADE65 - SNOWFIELD 00NN72/000,,Dulux,,L,20,0,
cmock4s0j005ub0pvirxwlf0l,TRADE65 - SONG PORCELAIN 00NN83/000,,JF Paints Blouberg - Dulux,,L,20,0,
cmmnrn75q000309lbv5fk4tfl,TRADE65 - SS0502-R50B,,Dulux,,L,20,0,
cmn2saqzl000409juxndw8h47,TRADE65 - STUCCO,,Dulux,,L,5,0,
cmmlw1bk500fksgpvxab56fcw,TRADE65 - THE PLAZA 50GY72/012,,Dulux,,L,20,0,
cmotn6vrx007j09l8bj5zd7nz,TRADE65 - WOODLAND MYSTERY 90YY52/138,,JF Paints Blouberg - Dulux,,L,20,0,
cmp3nc9mv00glckpvzacdl3ah,TRADE65 STUCCO,,Dulux,,,,0,
cmp3nqq6q01bxckpvego525fv,TRP00020020L Nuroof Cool Acr Roof Paint Atmosphere,TRP0002002,DIY Savoy Plascon,,,,0,
cmp3ndn2m00jdckpv0ey0rt82,TRP00021420L Nuroof Cool Acr Roof Paint Ashen Sky,TRP0002142,DIY Savoy Plascon,,,,0,
cmp3nopuy0184ckpv0lj0prn3,TRP00021620L Nuroof Cool Acr Roof Paint Leaf,TRP0002162,DIY Savoy Plascon,,,,0,
cmock4ihr005nb0pvdza9h2kl,TSA - LEAD 81YR06/,,Buco Montague Gardens,,L,35,0,
cmock4fwt005lb0pvgblw0ims,TSA - LIGHT ALUMINIUM AL-Y03,,Buco Montague Gardens,,L,5,0,
cmock4h79005mb0pvgt2bt8g9,TSA - THAMES DUSK GR-B,,Buco Montague Gardens,,L,75,0,
cmp3n69uw0047ckpvbdm5hzhs,TSA001010 Prof. Super Matt,,DIY Savoy Plascon,,,,0,
cmp3ns2ck01elckpvwl495901,TSA001010 Prof. Super Matt 2025/10/29,,DIY Savoy Plascon,,,,0,
cmp3nmb0q011pckpvqewuq14b,TSA001010 Prof. Super Matt 2026/02/09,,DIY Savoy Plascon,,,,0,
cmp3o2xyg020zckpv9lqya5v2,TSA001010 Prof. Super Matt 2026/02/23,,DIY Savoy Plascon,,,,0,
cmp3ogx6702qlckpvkp5693l2,TSA001010 Prof. Super Matt 26/07/2023,,DIY Savoy Plascon,,,,0,
cmp3ooi5803h6ckpvbwdo0m58,TSA001010 Prof. Super Matt 42 DARK,,DIY Savoy Plascon,,,,0,
cmp3nyef001spckpvdn5y97hr,TSA001010 Prof. Super Matt 43,,DIY Savoy Plascon,,,,0,
cmp3ojk0c02y2ckpvc6ianpvi,TSA001010 Prof. Super Matt ADDO SKIN,,DIY Savoy Plascon,,,,0,
cmp3nsihy01ftckpv2y06t5hj,TSA001010 Prof. Super Matt ALUMINIUM,,DIY Savoy Plascon,,,,0,
cmp3nit7500tockpvtj8i1z14,TSA001010 Prof. Super Matt ANP3046,,DIY Savoy Plascon,,,,0,
cmp3otz6i03zzckpv75v00tb2,TSA001010 Prof. Super Matt APS,,DIY Savoy Plascon,,,,0,
cmp3ngwfp00p9ckpvyof42lbt,TSA001010 Prof. Super Matt DIY4,,DIY Savoy Plascon,,,,0,
cmp3nr5yb01cnckpvs499hvfy,TSA001010 Prof. Super Matt DRIED,,DIY Savoy Plascon,,,,0,
cmp3nre3w01d6ckpvi8mfl491,TSA001010 Prof. Super Matt DRIED LEAF,,DIY Savoy Plascon,,,,0,
cmp3oef7b02lhckpve7btmsu9,TSA001010 Prof. Super Matt E13-2,,DIY Savoy Plascon,,,,0,
cmp3opdcc03ksckpvvohk02qk,TSA001010 Prof. Super Matt E16-1,,DIY Savoy Plascon,,,,0,
cmp3ncf1z00gxckpv0rzmv0ce,TSA001010 Prof. Super Matt FANCOURT,,DIY Savoy Plascon,,,,0,
cmp3obiap02fickpv8a20jlyt,TSA001010 Prof. Super Matt G1-C2-3,,DIY Savoy Plascon,,,,0,
cmp3ow5ck0471ckpvsbpnyi4b,TSA001010 Prof. Super Matt G13,,DIY Savoy Plascon,,,,0,
cmp3ncvxx00hwckpvi4hlas1a,TSA001010 Prof. Super Matt G15 MINES,,DIY Savoy Plascon,,,,0,
cmp3oorsi03ibckpvks7pvekh,TSA001010 Prof. Super Matt GR- Y04,,DIY Savoy Plascon,,,,0,
cmp3oo7nl03ffckpvaoocyfsn,TSA001010 Prof. Super Matt GR-Y04,,DIY Savoy Plascon,,,,0,
cmp3nxodg01rlckpvq6aqfajo,TSA001010 Prof. Super Matt MALUTI,,DIY Savoy Plascon,,,,0,
cmp3n78h50069ckpvmxej3qfu,TSA001010 Prof. Super Matt MANDARIN,,DIY Savoy Plascon,,,,0,
cmp3nsmx301g5ckpv5370zuv7,TSA001010 Prof. Super Matt MOON,,DIY Savoy Plascon,,,,0,
cmp3nqprp01bwckpvwnesyjhi,TSA001010 Prof. Super Matt MOSS,,DIY Savoy Plascon,,,,0,
cmp3osgxn03v0ckpvfwmxy9b1,TSA001010 Prof. Super Matt MOTUS,,DIY Savoy Plascon,,,,0,
cmp3n633v003wckpvecac3mkk,TSA001010 Prof. Super Matt NOBLE,,DIY Savoy Plascon,,,,0,
cmp3ob3p902exckpv7q3plh0g,TSA001010 Prof. Super Matt O7-C1-2,,DIY Savoy Plascon,,,,0,
cmp3nscs001feckpvesk44glr,TSA001010 Prof. Super Matt OCEANOS,,DIY Savoy Plascon,,,,0,
cmp3ogrw102q7ckpv0161lqf7,TSA001010 Prof. Super Matt OFFSHORE,,DIY Savoy Plascon,,,,0,
cmp3n877r008gckpvgh9c50cw,TSA001010 Prof. Super Matt ORCHID,,DIY Savoy Plascon,,,,0,
cmp3nbasx00epckpvlrc9hqho,TSA001010 Prof. Super Matt OYSTER,,DIY Savoy Plascon,,,,0,
cmp3o4b7d023bckpvabz2gjl8,TSA001010 Prof. Super Matt PLASTER,,DIY Savoy Plascon,,,,0,
cmp3o73ek027cckpvi4cvci25,TSA001010 Prof. Super Matt RAL9005,,DIY Savoy Plascon,,,,0,
cmp3nveta01mwckpvjr1snd1s,TSA001010 Prof. Super Matt RAVINE 62,,DIY Savoy Plascon,,,,0,
cmp3oiayz02tdckpvlc6dukhw,TSA001010 Prof. Super Matt S6500-N,,DIY Savoy Plascon,,,,0,
cmp3os5sf03tvckpv6oqu4cum,TSA001010 Prof. Super Matt SIGNATURE,,DIY Savoy Plascon,,,,0,
cmp3n5ik1002ackpvu2ygu1p3,TSA001010 Prof. Super Matt SNOWFIELD,,DIY Savoy Plascon,,,,0,
cmp3nm2v60115ckpvz9imio7e,TSA001010 Prof. Super Matt SPILLED,,DIY Savoy Plascon,,,,0,
cmp3o25ko01zackpvri72g120,TSA001010 Prof. Super Matt THAMES,,DIY Savoy Plascon,,,,0,
cmp3os14e03tjckpvqnnwwgzu,TSA001010 Prof. Super Matt TIBER DARK,TSA001010,DIY Savoy Plascon,,,,0,
cmp3otmta03ytckpvf2p09x0e,TSA001010 Prof. Super Matt TRIBECCA,,DIY Savoy Plascon,,,,0,
cmp3ogmby02pnckpvhfnz31cj,TSA001010 Prof. Super Matt Wake up,,DIY Savoy Plascon,,,,0,
cmp3nc19f00g0ckpv6r9yo1lp,TSA001010 Prof. Super Matt Y4-C2-3,,DIY Savoy Plascon,,,,0,
cmp3n5iz9002bckpv7bj2s5z5,TSA00101020L Prof. Super Matt,TSA0010102,DIY Savoy Plascon,,,,0,
cmp3oi4p202t0ckpv9ynxevyl,TSA00101020L Prof. Super Matt APS,,DIY Savoy Plascon,,,,0,
cmp3ojic902xvckpvfpfbe5ss,TSA00101020L Prof. Super Matt CRETE,,DIY Savoy Plascon,,,,0,
cmp3ngyiw00peckpvp9fta36n,TSA00101020L Prof. Super Matt DIY 4,,DIY Savoy Plascon,,,,0,
cmp3oefmd02lickpvgdlrc0fs,TSA00101020L Prof. Super Matt E13-2,,DIY Savoy Plascon,,,,0,
cmp3oo82m03fgckpvjaix49xq,TSA00101020L Prof. Super Matt E16-1,,DIY Savoy Plascon,,,,0,
cmp3oo4b203evckpvece558rj,TSA00101020L Prof. Super Matt GR-Y04,,DIY Savoy Plascon,,,,0,
cmp3ob44f02eyckpvceyvhjie,TSA00101020L Prof. Super Matt O7-C1-4,,DIY Savoy Plascon,,,,0,
cmp3n881j008hckpva2l4urvr,TSA00101020L Prof. Super Matt STENCIL,,DIY Savoy Plascon,,,,0,
cmp3nsrtu01ggckpvolyhfeg6,TSA0010105L Prof. Super Matt,,DIY Savoy Plascon,,,,0,
cmp3ns2sr01emckpvxmkctkn0,TSA0010105L Prof. Super Matt 29/10/29,,DIY Savoy Plascon,,,,0,
cmp3nmyb60134ckpvzv8ytilq,TSA0010105L Prof. Super Matt 40 15TH,,DIY Savoy Plascon,,,,0,
cmp3nwzfw01qbckpv0g830ghw,TSA0010105L Prof. Super Matt ANGELA,,DIY Savoy Plascon,,,,0,
cmp3opbns03knckpvsdql9tht,TSA0010105L Prof. Super Matt E16-1,,DIY Savoy Plascon,,,,0,
cmp3op9zb03kcckpvfcrzhlim,TSA0010105L Prof. Super Matt GR-Y04,,DIY Savoy Plascon,,,,0,
cmp3nstjx01gkckpvzxuj8841,TSA0010105L Prof. Super Matt LIGHT,,DIY Savoy Plascon,,,,0,
cmp3oqs0003p3ckpvqniwsal3,TSA0010105L Prof. Super Matt MIDRAND,,DIY Savoy Plascon,,,,0,
cmp3nsgmc01fpckpv2fy1nume,TSA0010105L Prof. Super Matt MOON,,DIY Savoy Plascon,,,,0,
cmp3oskqv03veckpvwtndk13k,TSA0010105L Prof. Super Matt MOTUS,,DIY Savoy Plascon,,,,0,
cmp3os30q03tqckpvitonzvnl,TSA0010105L Prof. Super Matt NOMADIC,,DIY Savoy Plascon,,,,0,
cmp3nsd7201ffckpvrbw37e4n,TSA0010105L Prof. Super Matt ROCKY,,DIY Savoy Plascon,,,,0,
cmp3ogumt02qdckpv9oiq2wch,TSA0010105L Prof. Super Matt SAPPHIRE,,DIY Savoy Plascon,,,,0,
cmp3nsdol01fgckpvdzatpqn9,TSA0010105L Prof. Super Matt STONE,,DIY Savoy Plascon,,,,0,
cmp3newb300lqckpviufl9i1g,TSA0010105L Prof. Super Matt TANKARD,,DIY Savoy Plascon,,,,0,
cmp3o23vx01z7ckpv6ajl563q,TSA0010105L Prof. Super Matt THAMES,,DIY Savoy Plascon,,,,0,
cmp3oh4ss02r4ckpv13l15vnd,TSA0010105L Prof. Super Matt YANGTZE,,DIY Savoy Plascon,,,,0,
cmp3ojg1102x4ckpvq4ivqkkj,TSA002000 Prof. Super Matt,,DIY Savoy Plascon,,,,0,
cmp3ns38001enckpv0jzv6qju,TSA002000 Prof. Super Matt 2025/10/29,,DIY Savoy Plascon,,,,0,
cmp3obj5l02fkckpvzsvs491b,TSA002000 Prof. Super Matt G1-E1-1,,DIY Savoy Plascon,,,,0,
cmp3ob4jj02ezckpvaivrgewk,TSA002000 Prof. Super Matt O7-C2-2,,DIY Savoy Plascon,,,,0,
cmp3ob4yk02f0ckpv85wwwhhv,TSA00200020L Prof. Super Matt G1-E1-1,TSA0020002,DIY Savoy Plascon,,,,0,
cmp3ns3n901eockpven2bvw25,TSA0020005L Prof. Super Matt,,DIY Savoy Plascon,,,,0,
cmp3nstz401glckpvlcoutsif,TSA0020005L Prof. Super Matt LIGHT,,DIY Savoy Plascon,,,,0,
cmp3nse3n01fhckpvxhusy20x,TSA0020005L Prof. Super Matt MOON,,DIY Savoy Plascon,,,,0,
cmp3n8mem009bckpv8n4pouui,TSA003010 Prof. Super Matt,,DIY Savoy Plascon,,,,0,
cmp3nsue501gmckpvvfb3upj8,TSA0030105L Prof. Super Matt,,DIY Savoy Plascon,,,,0,
cmp3nupju01lhckpvg440vhdj,TVG001000 Velvaglo Satin,,DIY Savoy Plascon,,,,0,
cmp3nyoeq01t2ckpvpctq9u5a,TVG001000 Velvaglo Satin 2025/11/14,,DIY Savoy Plascon,,,,0,
cmp3nufa801knckpv3hy30t3l,TVG001000 Velvaglo Satin 50 OFFSHORE,,DIY Savoy Plascon,,,,0,
cmp3nq03301alckpvzx78yj2a,TVG001000 Velvaglo Satin BLEACHED,,DIY Savoy Plascon,,,,0,
cmp3ooo8l03hvckpvg4ovglad,TVG001000 Velvaglo Satin E16-1 EYELET,,DIY Savoy Plascon,,,,0,
cmp3ow9yt047sckpvo8m1vyvi,TVG001000 Velvaglo Satin G13,,DIY Savoy Plascon,,,,0,
cmp3nqh5y01blckpvzink433k,TVG001000 Velvaglo Satin Y-E2-2,,DIY Savoy Plascon,,,,0,
cmp3okrdu032ickpv8z7ggbu2,TVG0010005L Velvaglo Satin 51 GENVA,,DIY Savoy Plascon,,,,0,
cmock4oyl005sb0pvjwp04f7i,TVW - LEAD 81YR06/,,Buco Montague Gardens,,L,35,0,
cmnh1hezi000009l5ic2te5v4,TVW - SAMOVAR,,Plascon,,L,5,0,
cmp3ove5u043vckpvdj0dsvqa,TVW Velvaglo Non-Drip Waterbased,,DIY Savoy Plascon,,,,0,
cmp3n5tqs0038ckpvqkookigd,TWA001000 Wall and All Tintbase INTENSE GUN,,DIY Savoy Plascon,,,,0,
cmp3n5u5x0039ckpv39bypts6,TWA00100020L Wall and All Tintbase NOBLE,TWA0010002,DIY Savoy Plascon,,,,0,
cmp3ncy1c00i2ckpvsgeqrhx2,TWA0010005L Wall and All Tintbase Y3-E1-4,,DIY Savoy Plascon,,,,0,
cmp3n5ulf003ackpvegi1zgln,TWA002000 Wall and All Tintbase DARK STORM,TWA002000,DIY Savoy Plascon,,,,0,
cmnq0imn2000r8wpviup71d68,Thinners,,DIY Savoy Consumables,,L,5,0,
cmmkufb1e0027g8pl1z94qoql,Tile & Melamine Primer,CTP000001,Plascon,Paints,,,0,
cmp3nmp36012ickpvbcqny47l,Tile Cement,,Plascon,,,,0,
cmp3nmpi8012jckpv0iizr06p,Tile Grout Light,,Plascon,,,,0,
cmp3nmpxd012kckpvkogr066b,Tile Spacers,PACK 632860,Plascon,,,,0,
cmmhvbiev002cmspl6150tqsy,Trade Sterishield - Diamond Matt,Sterishield,Dulux,Paints,,,1,Dulux
cmmhvbe6k001qmsploem3cm85,Trade Wallclad,,Dulux,Paints,,,1,Dulux
cmmhvbemj001smsplh06jdxge,Trade Wallclad Base 7,,Dulux,Paints,,,1,Dulux
cmmhvbf00001umspl6thl4w2v,Trade Wallclad Base 8,,Dulux,Paints,,,1,Dulux
cmmkufbm7002ag8plrgs58jge,Tradepro Bright Matt,UBM,Plascon,Paints,,,0,
cmmkufbt7002bg8plevw3gmtl,Tradepro Brilliant Sheen,ULS,Plascon,Paints,,,0,
cmmkufc00002cg8pl1w2a8233,Tradepro Gloss Enamel,UWE,Plascon,Paints,,,0,
cmmkufbey0029g8pltd0e7y7g,Tradepro High Hiding Matt,UHM,Plascon,Paints,,,0,
cmmkufc6t002dg8plc63zjpce,Tradepro Solvent-Based Primer,USP,Plascon,Paints,,,0,
cmmkufb870028g8pl660r3ejh,Tradepro Textured,UTX,Plascon,Paints,,,0,
cmmkufcdl002eg8pl5rtkui49,Tradepro Undercoat,UWU,Plascon,Paints,,,0,
cmmkufckd002fg8pljdgcpr99,Tradepro Water-Based Primer,UWP,Plascon,Paints,,,0,
cmmkufcr4002gg8plc6infw1r,True Colour Bright Gloss,GTC,Plascon,Paints,,,0,
cmmkufcxw002hg8plo2cf73l3,True Colour Bright Gloss Tint Bases,TGT002000,Plascon,Paints,,,0,
cmmkufd4p002ig8pl7xvzhae2,True Colour Brilliant Sheen,STC,Plascon,Paints,,,0,
cmmkufdbi002jg8pllf109pxh,True Colour Brilliant Sheen Tint Bases,TTS,Plascon,Paints,,,0,
cmmkufdij002kg8plfnlw432k,True Colour Fresh,ATC,Plascon,Paints,,,0,
cmmkufdpb002lg8plwqwolupr,"True Colour Primer, Sealer, Undercoat",PSU,Plascon,Paints,,,0,
cmmkufdw3002mg8plrt5q62fc,True Colour Textured,TTT,Plascon,Paints,,,0,
cmmkufe2w002ng8pl4qwywlbp,True Colour Thick & Strong,MTC,Plascon,Paints,,,0,
cmmkufe9o002og8pln02oo29l,True Colour Thick & Strong Tint Bases,TTM,Plascon,Paints,,,0,
cmp3oroea03s3ckpv1kjvzbze,UC00000120L Plascon Universal Undercoat,UC0000012,DIY Savoy Plascon,,,,0,
cmp3nlzb5010yckpvj8as104m,UC0000015L Plascon Universal Undercoat,,DIY Savoy Plascon,,,,0,
cmp3n5g0b0022ckpvbqksldbs,UC000002 Wood Primer,,DIY Savoy Plascon,,,,0,
cmp3n4w2r000rckpv7jee4lo9,UC0000025L Wood Primer,,DIY Savoy Plascon,,,,0,
cmp3ngp9l00p0ckpvpw6r32z4,UC000170 Plascoprime Oxide,,DIY Savoy Plascon,,,,0,
cmp3nf7ie00m9ckpvng5d25qx,UC00017020L Plascoprime Oxide,UC0001702,DIY Savoy Plascon,,,,0,
cmmlw1e2b00flsgpv5gh0z03s,ULS1 - TRADEPRO ULTRA SHEEN - 0,ULS000001,Plascon,,,,0,
cmp3oburo02g2ckpvk9itjc9s,UROCHEM,INV032012,UROCHEM,,,,0,
cmmluazpu003msgpv607vx7rl,UROCHEM 525 -,,Urochem Trading (Pty) Ltd,,EACH,1,0,
cmp3oe40r02kmckpv1uw9zur0,UROCHEM 525 GRYE,,Urochem Trading (Pty) Ltd,,,,0,
cmp3odx8k02k5ckpvw6wqv492,UROCHEM 525 SPICE,,Urochem Trading (Pty) Ltd,,,,0,
cmp3nhlxk00qrckpvmn07dmbt,URP Trade Pro Roof and More Colour To Be,,,,,,0,
cmp3or4zp03qackpv4uhyhcot,URP004 TradePro Roof and More,,,,,,0,
cmp3outa50428ckpvhtxeudiu,URP04,,,,,,0,
cmp3ovums045rckpvg4ujtcqx,URP2 Trade Pro Roof and More Light,URP000002,DIY Savoy Plascon,,,,0,
cmp3nhnlq00quckpv6swur1zw,URP3 Trade Pro Roof and More Dark,URP000003,,,,,0,
cmnq0i9u9000f8wpvzyeyi44p,URP4 - Trade Pro Roof and More -,URP000004,DIY Savoy Plascon,,L,20,0,
cmp2de4d70007o4pv04j3mx00,URP4 Trade Pro Roof and More,,Plascon,Roof Paints,L,5,0,
cmp3nop0t0182ckpv218nx7ge,URP7 Trade Pro Roof and More,URP000007,DIY Savoy Plascon,,,,0,
cmmlu8wvf002dsgpvqjb3ywxi,URP8 - Trade Pro Roof and More - Heritage,URP000008,Plascon,,L,20,0,
cmp3o4edh023hckpvh0pirtls,URP8 Trade Pro Roof and More HERITAGE,,,,,,0,
cmp3nq1cz01aockpv65km1atx,UWU1 TradePro Undercoat,UWU000001,DIY Savoy Plascon,,,,0,
cmp3nln0l0102ckpvkprccdra,Ultra fine Aggregate Primer RAL1407030 Aniseed Leaf,IN390764,,,,,0,
cmotn434d002u09l89qt7ij0z,Ultracare burnt Amber X2 double -,,TimberLife,,EACH,1,0,
cmocjvsei001nb0pvwbj41s7m,Ultracare burnt Amber double,,TimberLife,,L,25,0,
cmotn437c002v09l8fxwzidzt,Ultradeck burnt Amber X2 with insecticide -,,TimberLife,,EACH,1,0,
cmmkufegf002pg8pljyxk1qpr,Universal Shading Colours,PPC,Plascon,Paints,,,0,
cmmkufenb002qg8plqs76aoz3,Universal Undercoat,UC000001,Plascon,Paints,,,0,
cmp3n5zc0003nckpvu9eihiwq,VEL00000120L DOUBLE VELVET,VEL0000012,DIY Savoy Plascon,,,,0,
cmmlts8yg0004sgpvtuiukay9,VERSUS - WALLSURE DESIGNER 1 SHADE DARKER,,Dulux,,L,20,0,
cmn2saqy0000209jujyy7ave3,VERSUS PIGMENTED SEALER - AL-Y03 ALUMINIUM,,Dulux,,L,20,0,
cmmltsa5e0005sgpv6g3lo1fp,VERSUS SATIN ENAMEL - PNSO,,Dulux,,L,5,0,
cmown0jsd000309jpp85ygcpa,VERSUS SUEDE - VS,,Versus Paint Specialist (Pty) Ltd,,KG,16264300,0,
cmp3om446037kckpvvomui7zz,VLO000001 Velvaglo Satin,,DIY Savoy Plascon,,,,0,
cmp3om79s0380ckpv60pnw8lj,VLO0000015L Velvaglo Satin,,DIY Savoy Plascon,,,,0,
cmp3ovela043xckpvrb4rsvhb,VLW1,,DIY Savoy Plascon,,,,0,
cmp3nt6vh01hackpv39iymslz,VLW2,VLW000002,DIY Savoy Plascon,,,,0,
cmmkuff7l002tg8pl6edinrgj,Velvaglo Non-Drip Water-based Enamel,VLW,Plascon,Paints,,,0,
cmmkuffee002ug8plv11rlc0z,Velvaglo Non-Drip Water-based Enamel Tint Bases,TVW,Plascon,Paints,,,0,
cmp3n686j0044ckpvv5dlctpp,Velvaglo Non-Drip Waterbased,TVW 065945,DIY Savoy Plascon,,,,0,
cmp3ooez603gbckpveo2nd4xj,Velvaglo Non-Drip Waterbased 42 DARK,TVW 065359,DIY Savoy Plascon,,,,0,
cmp3nb6mo00egckpvg8ylsgv3,Velvaglo Non-Drip Waterbased ADDO,TVW 065588,DIY Savoy Plascon,,,,0,
cmp3niqw700tkckpv4ba64t38,Velvaglo Non-Drip Waterbased ANP3046,TVW 064055,DIY Savoy Plascon,,,,0,
cmp3oei5402lrckpvgmfkd762,Velvaglo Non-Drip Waterbased ANP9085,TVW 067230,DIY Savoy Plascon,,,,0,
cmp3orhvj03rgckpvjkk7ea6e,Velvaglo Non-Drip Waterbased APS,TVW 067035,DIY Savoy Plascon,,,,0,
cmp3ndkcl00j9ckpvmconwp6v,Velvaglo Non-Drip Waterbased BERLIN,TVW 068125,DIY Savoy Plascon,,,,0,
cmp3nfthf00ncckpvwhlxhoh4,Velvaglo Non-Drip Waterbased CRAZY,TVW 067511,DIY Savoy Plascon,,,,0,
cmp3n9p3v00b9ckpvk9z8laur,Velvaglo Non-Drip Waterbased CRYTER,TVW 068151,DIY Savoy Plascon,,,,0,
cmp3ooc1k03g0ckpvz5xgxsdq,Velvaglo Non-Drip Waterbased DARK,TVW 064196,DIY Savoy Plascon,,,,0,
cmp3nrfs701dbckpvyqjkvebt,Velvaglo Non-Drip Waterbased DRIED,TVW 064110,DIY Savoy Plascon,,,,0,
cmp3nc47100g9ckpvgi1gi20d,Velvaglo Non-Drip Waterbased E37/6,TVW 066993,DIY Savoy Plascon,,,,0,
cmp3olsuz0369ckpvsdfzpcy3,Velvaglo Non-Drip Waterbased EWA 72,TVW 064986,DIY Savoy Plascon,,,,0,
cmp3nf00r00lwckpvjzajij1b,Velvaglo Non-Drip Waterbased EWA72,TVW 067983,DIY Savoy Plascon,,,,0,
cmp3ou1yu0404ckpvo05j23l6,Velvaglo Non-Drip Waterbased FROST,TVW 067772,DIY Savoy Plascon,,,,0,
cmp3nyat501sickpvpbi6kuow,Velvaglo Non-Drip Waterbased G13,TVW 063948,DIY Savoy Plascon,,,,0,
cmp3o79sa027pckpvxaebv7hb,Velvaglo Non-Drip Waterbased GENEVA,TVW 067503,DIY Savoy Plascon,,,,0,
cmp3oodas03g4ckpvrlve01b5,Velvaglo Non-Drip Waterbased GR- Y11,TVW 064561,DIY Savoy Plascon,,,,0,
cmp3nddgf00j1ckpvglgoexlc,Velvaglo Non-Drip Waterbased GR-B09,TVW 067781,DIY Savoy Plascon,,,,0,
cmp3oqypu03pmckpv8ri6d25h,Velvaglo Non-Drip Waterbased GR-B12,TVW 067611,DIY Savoy Plascon,,,,0,
cmp3oa6e302d3ckpvrfzt3oyv,Velvaglo Non-Drip Waterbased GR-G07,TVW 066164,DIY Savoy Plascon,,,,0,
cmp3nttoj01ikckpv5tie23lp,Velvaglo Non-Drip Waterbased GR-R05,TVW 064951,DIY Savoy Plascon,,,,0,
cmp3o7a7u027qckpvf0190mdg,Velvaglo Non-Drip Waterbased GR-Y01,TVW 067694,DIY Savoy Plascon,,,,0,
cmp3oocgm03g1ckpvsol2pfo3,Velvaglo Non-Drip Waterbased GR-Y04,TVW 064244,DIY Savoy Plascon,,,,0,
cmp3nft2c00nbckpv5o6m5xy7,Velvaglo Non-Drip Waterbased GR-Y10,TVW 066669,DIY Savoy Plascon,,,,0,
cmp3okpi4032cckpvgrlmnebb,Velvaglo Non-Drip Waterbased GR-Y11,TVW 065085,DIY Savoy Plascon,,,,0,
cmp3o78x9027nckpvji3b53fc,Velvaglo Non-Drip Waterbased GR-Y12,TVW 065297,DIY Savoy Plascon,,,,0,
cmp3nedcs00ktckpv9dalldc5,Velvaglo Non-Drip Waterbased GRANITE,TVW 067888,DIY Savoy Plascon,,,,0,
cmp3o4gal023lckpv3eclecal,Velvaglo Non-Drip Waterbased HERITAGE,TVW 066179,DIY Savoy Plascon,,,,0,
cmp3osoy103vuckpvu1v72vst,Velvaglo Non-Drip Waterbased HUDSON,TVW 066133,DIY Savoy Plascon,,,,0,
cmp3olsf20368ckpvslhelb8h,Velvaglo Non-Drip Waterbased IBIZA BAY,TVW 065133,DIY Savoy Plascon,,,,0,
cmp3nid7y00sockpvkztgi0wb,Velvaglo Non-Drip Waterbased INTENSE,TVW 068025,DIY Savoy Plascon,,,,0,
cmp3ovh05044dckpvfeko8tqt,Velvaglo Non-Drip Waterbased LIGHT,TVW 064602,DIY Savoy Plascon,,,,0,
cmp3n9pj200backpvd2hupobt,Velvaglo Non-Drip Waterbased MATT JET,TVW 067867,DIY Savoy Plascon,,,,0,
cmp3ns6h601exckpvls0k95zw,Velvaglo Non-Drip Waterbased MOON,TVW 065593,DIY Savoy Plascon,,,,0,
cmp3n651b003zckpv2totskpc,Velvaglo Non-Drip Waterbased NOBLE,TVW 066705,DIY Savoy Plascon,,,,0,
cmp3ns62201ewckpvpsnpzce0,Velvaglo Non-Drip Waterbased OCEANOS,TVW 065216,DIY Savoy Plascon,,,,0,
cmp3nqurf01c6ckpver8hboya,Velvaglo Non-Drip Waterbased PLASTER,TVW 067580,DIY Savoy Plascon,,,,0,
cmp3n7bu4006kckpv5rum6h7g,Velvaglo Non-Drip Waterbased RAL7012,TVW 067221,DIY Savoy Plascon,,,,0,
cmp3nf0fs00lxckpv1fdv3hoy,Velvaglo Non-Drip Waterbased RAL7022,TVW 068060,DIY Savoy Plascon,,,,0,
cmp3oodpt03g5ckpvr1nhnsot,Velvaglo Non-Drip Waterbased RAL7045,TVW 064856,DIY Savoy Plascon,,,,0,
cmp3ndd1500j0ckpv1iis3bih,Velvaglo Non-Drip Waterbased RAL9005,TVW 067515,DIY Savoy Plascon,,,,0,
cmp3nvmls01ngckpvf85vnk1w,Velvaglo Non-Drip Waterbased RAVINE 62,TVW 065690,DIY Savoy Plascon,,,,0,
cmp3nvlrh01neckpv6yifnq0q,Velvaglo Non-Drip Waterbased RHINE,TVW 064867,DIY Savoy Plascon,,,,0,
cmp3ncoxc00hhckpvbgfjyhv4,Velvaglo Non-Drip Waterbased SAMOVAR,TVW 066553,DIY Savoy Plascon,,,,0,
cmp3n7cop006mckpvjucw8ptb,Velvaglo Non-Drip Waterbased SIGNAL,TVW 068048,DIY Savoy Plascon,,,,0,
cmp3mp56w000hckpv55uatqgz,Velvaglo Non-Drip Waterbased SNOW,TVW 066013,DIY Savoy Plascon,,,,0,
cmp3o79d0027ockpv2en2te43,Velvaglo Non-Drip Waterbased SOAP,TVW 066796,DIY Savoy Plascon,,,,0,
cmp3o6o9x026dckpv1eqjxhr4,Velvaglo Non-Drip Waterbased STEYN,TVW 066413,DIY Savoy Plascon,,,,0,
cmp3nc3ry00g8ckpviqbyd7bl,Velvaglo Non-Drip Waterbased Y2-E2-2,TVW 066644,DIY Savoy Plascon,,,,0,
cmp3oa5yy02d2ckpvc6im1iwk,Velvaglo Non-Drip Waterbased Y7-E2-E3,TVW 066078,DIY Savoy Plascon,,,,0,
cmp3ntxg701itckpv6rw458sa,Velvaglo Non-Drip Waterbased YANBGTZE,TVW 067396,DIY Savoy Plascon,,,,0,
cmp3ogp4f02q0ckpvi55zse59,Velvaglo Non-Drip Waterbased Yangtze,TVW 065326,DIY Savoy Plascon,,,,0,
cmp3ns7qk01f0ckpvsg3yvqqh,Velvaglo Non-Drip Waterbased ZINC,TVW 066028,DIY Savoy Plascon,,,,0,
cmmkufeu2002rg8pldsxvs8n8,Velvaglo Satin,VLO,Plascon,Paints,,,0,
cmmkuff0u002sg8pleqs9s5ic,Velvaglo Satin Tint Bases,TVG,Plascon,Paints,,,0,
cmotoyed7002n09jgk0gmt81v,Versus Europlaster 1.2mm - Rhine Castle VS17308,,Versus Paint Specialist (Pty) Ltd,,KG,35,0,
cmotoyee0002o09jg2b0d9wdn,Versus HD Acrylic Primer - Buckskin VS17262,,Versus Paint Specialist (Pty) Ltd,,KG,8,0,
cmotoyebj002m09jghubmn7f8,Versus HD Acrylic Primer - Rhine Castle VS17308,,Versus Paint Specialist (Pty) Ltd,,KG,20,0,
cmotoyeez002p09jgssecn3tg,Versus Italic Plaster - Buckskin VS17262,,Versus Paint Specialist (Pty) Ltd,,KG,35,0,
cmp3n9udv00blckpvv7nea9xr,W/B PEARLGLO,,Dulux,,,,0,
cmp3nzc5f01u4ckpv6lvb4zeu,W/B PEARLGLO BASIC,,Dulux,,,,0,
cmp3n973400a7ckpv0w8qfkiq,W/B PEARLGLO GORGEOUS OAK,,Dulux,,,,0,
cmp3o0wcj01x9ckpvv2ul11qd,W/B PEARLGLO SKYLIGHT DARKNESS 09BB07/00,,Dulux,,,,0,
cmp3nzzcf01vgckpv71ixe08g,W/B PEARLGLO SKYLIGHT DARKNESS 09BB07/000,,Dulux,,,,0,
cmp3nzi2f01umckpvqpruuiry,WALLGAURD DARK STORM 16BB28/001,,Dulux,,,,0,
cmmlw6z0n00hksgpvr70nuljw,WALLGUARD - DARK STORM 16BB25/001,,JF Paints Blouberg - Dulux,,L,20,0,
cmmlvt3cp00bisgpvz1wp1gc5,WALLGUARD - SMOKEY GLASS 50YR22/052,,JF Paints Blouberg - Dulux,,L,5,0,
cmp3nzps601uyckpvqb38r6on,WALLGUARD BASE 8,,Dulux,,,,0,
cmp3o0yto01xeckpv84zeszbm,WALLGUARD BRILLIANT,,Dulux,,,,0,
cmp3o019801vlckpvcrs6uufn,WALLGUARD DARK STORM 16BB25/001,,Dulux,,,,0,
cmp3nzb9401u3ckpvuj1t44np,WALLGUARD INTENSE GUN METAL 09BG11/016,,Dulux,,,,0,
cmp3nzv0h01v8ckpvkgoxncny,WALLGUARD INTENSE GUN METAL 90BG11/016,,,,,,0,
cmp3o08fr01w0ckpvvm2bv50o,WALLGUARD INTENSE GUNMETAL 90BG11/016,,Dulux,,,,0,
cmp3nz9ah01u0ckpvncff8j28,WALLGUARD SKYLIGHT DARKNESS 09BB07/008,,Dulux,,,,0,
cmp3nz8vd01tzckpvfm07ve68,WALLGUARD SLICK SEAL62GG31/016,,Dulux,,,,0,
cmmrm0ups00016gplhfsbl3at,WBS,,Plascon,,L,15,0,
cmp3obfzk02feckpvftxibspm,WBS1 BRICK SEALER,,,,,,0,
cmmx2gb74000309ifgwanhzd5,WEATHERGUARD - ALLOY TOUCH 21BG45/002,,JF Paints Blouberg - Dulux,,L,5,0,
cmn2saqx7000109ju1y9mfkyj,WEATHERGUARD - BRILLIANT,,Dulux,,L,20,0,
cmp3nnhez014pckpvieu3geaa,WHEEL BARROW LASHER FAL,,DIY Savoy Consumables,,,,0,
cmown145a002j09jp5oau99d3,WIRE BRUSH,,DIY Savoy Consumables,,EACH,1,0,
cmp3nms0s012sckpvbr1b6a34,WOOD FILLER,,,,,,0,
cmmlu8y9f002esgpv1pbpr0lv,WOODFILLA,,DIY Savoy Consumables,,UNIT,500,0,
cmp3nyppm01t4ckpvabhiiko9,WSP Woodcare WB Exterior Varnish Gloss Oregon,,DIY Savoy Plascon,,,,0,
cmocgy9zd000k09jv08p2i8tb,WUP 1 WATERBASED UNIVERSAL PRIMER,WUP000000,DIY Savoy Plascon,,L,1,0,
cmp3n6e9s004hckpvi97drzgg,WUP000001 WUP 1 WATERBASED UNIVERSAL PRIMER,,,,,,0,
cmp3o1v3801ypckpv0zjsqgis,WUP1,,,,,,0,
cmmkuffl5002vg8pl7e0pybdx,Wall & All,WAA,Plascon,Paints,,,0,
cmmkuffrz002wg8plfk5ifbve,Wall & All Tint Bases,TWA,Plascon,Paints,,,0,
cmp3nlog90105ckpvwktsg5i5,Wall Wax,,,,,,0,
cmmkuffyt002xg8plu3vdxnxx,Wallseal,WAS,Plascon,Paints,,,0,
cmmkufg5k002yg8plqyl5y76m,Wallseal Tint Base,TWS,Plascon,Paints,,,0,
cmmkufgcc002zg8plal49bsst,Water-based Gypsum & Masonary Sealer,PGS,Plascon,Paints,,,0,
cmmkufgjl0030g8pl7vc38xpa,Water-based Penetrating Stains,WPS,Plascon,Paints,,,0,
cmmkufgqf0031g8pl88oeq0kr,Water-based Polyurethane (AquaNova),WPU,Plascon,Paints,,,0,
cmmkufgx90032g8plczc5j7xk,Water-based Sanding Sealer,SSW,Plascon,Paints,,,0,
cmmkufhei0034g8plpsx77i3j,Wood Lacquers,WL,Plascon,Paints,,,0,
cmmkufi1k0037g8plskml7cd0,WoodCare Deck Coating,WWV,Plascon,Paints,,,0,
cmmkufhuq0036g8plirpo3hu1,WoodCare Knot Seal,PK000002,Plascon,Paints,,,0,
cmmkufia70038g8pl8h504lw4,WoodCare Sanding Sealer,SS000016,Plascon,Paints,,,0,
cmmkufih90039g8pl5dohpnq1,WoodCare Sunproof,WSP,Plascon,Paints,,,0,
cmo1d01dt003409kvl89ddrw7,Woodcare Ultra Varnish - Suede,X 000044,DIY Savoy Plascon,,L,5,0,
cmp2de3xj0006o4pvquzstq3c,Woodcare Ultra Varnish Gloss,WUV000001,Plascon,Enamels,L,5,0,
cmmkufjc8003dg8plrvhac62p,Woodcare Water-based Exterior Varnish,WSP 000017,Plascon,Paints,,,0,
cmmkufjju003eg8pl1g2t57gn,Woodcare Water-based Exterior Varnish Tint bases Gloss,WST,Plascon,Paints,,,0,
cmmkufjqn003fg8pl0req3g8a,Woodcare Water-based Exterior Varnish Tint bases Suede,WSB,Plascon,Paints,,,0,
cmmkufjxh003gg8plendpz85n,Woodcare Water-based Interior Varnish,X000045,Plascon,Paints,,,0,
cmmkufk83003hg8plpi7baosh,Woodcare Water-based Interior Varnish Tint bases Gloss,WUT,Plascon,Paints,,,0,
cmmkufkft003ig8plbtb4zyn9,Woodcare Water-based Interior Varnish Tint bases Suede,WUB,Plascon,Paints,,,0,
cmmkufj5f003cg8plg8kxiau2,Woodfiller,90 25 01,Plascon,Paints,,,0,
cmp3n6lme0051ckpvj7ehuugl,X 100m GEO TEXTILE,ACC192732,DIY Savoy Consumables,,,,0,
cmp3ohzde02spckpvv1o5i7bp,X 3M shade net 80,,,,,,0,
cmp3nyiqx01suckpvvveiuchh,X Woodcare Ultra Varnish Gloss,,DIY Savoy Plascon,,,,0,
cmp3ncd6900gqckpvmh2t8zrq,X Woodcare Ultra Varnish Suede,,DIY Savoy Plascon,,,,0,
cmp3n6npz0056ckpv2j4msxd6,X100M GEO TEXTILE,ACC192742,DIY Savoy Consumables,,,,0,
cmnehbjbj000i09lgtvwecoso,drywall screws 50PCS,,DIY Savoy Consumables,,,,0,
cmp3nmrlr012rckpvgmubizw0,m3 634057 19MM STONE,M000003,,,,,0,
cmp3nnt6s015xckpv19d34trb,m3 636265 BUILDING SAND,,,,,,0,
cmp3nnuv60162ckpvu1ul7wjz,m3 636869 BUILDERS MIX,,,,,,0,
cmp3nnval0163ckpvm1hzwrl6,m3 636870 BUILDERS MIX,,,,,,0,
cmmlw6w2y00hisgpvjazt8l3l,x 5L Metalcare Galvanised Iron Cleaner,GIC0000012,Plascon,,L,5,0,
