,,,,,,,,,,,,,,,,,,,,,,,,,,,
PLASCON ,,,,,,,DULUX,,,,,,,PROMINENT,,,,,,,,,,,,,
1/03/2026, NEW PRICE ,, OLD PRICE ,,% INCREASE,,01/03/2026, NEW PRICE ,, OLD PRICE ,,% INCREASE,,01/03/2026, NEW PRICE ,, OLD PRICE ,, % INCREASE ,,,,,,,,
, 20 LITRES , 5 LITRES , 20 LITRES , 5 LITRES ,20 LITRES,5 LITRES,, 20 LITRES , 5 LITRES , 20 LITRES , 5 LITRES ,20 LITRES,5 LITRES,, 20 LITRES , 5 LITRES , 20 LITRES , 5 LITRES , 20 LITRES , 5 LITRES ,,,,,,,
,,,,,,,,,,,,,,,,,,,,,,,,,,,
UC2 WOOD PRIMER - PINK,, R380.26 ,, R369.18 ,,#REF!,WOOD PRIMER ,, R400.00 ,, R326.06 ,,22.68%,FZA000165 WOOD PRIMER ,, R458.48 ,,,,,,,,,,,
PP700 PROF PLASTER PRIMER," R1,021.94 ",, R992.18 ,,#REF!,,TRADE ALKALI RESISTANT PRIMER," R1,050.00 ",," R1,007.23 ",,4.25%,,FZA004009 SELECT PLASTER PRIMER ," R1,311.44 ",,,,,,,,,,,,
PGS1  PROF  W/BASE GYPSUM & PLASTER PRIMER, R816.15 ,, R792.38 ,,#REF!,,ECOSURE PLASTER PRIMER, R820.00 ,, R853.74 ,,-3.95%,,,,,,,,,,,,,,,
UC170 PLASCOPRIME -170 - MILD STEEL ," R1,915.03 ", R468.16 ," R1,859.26 ", R454.53 ,#REF!,#REF!,TRADE STEEL PRIMER GREY     ,, R530.00 ,, R500.12 ,,5.97%,FZA000738 RUST PRIMER - RED  ," R1,418.04 ",,,,,,,,,,,,
GIP  METALCARE GALVANISED IRON PRIMER - YELLOW," R1,729.99 ", R455.26 ," R1,679.60 ", R442.00 ,#REF!,#REF!,GALVANISED IRON PRIMER,, R680.00 ,, R678.41 ,,0.23%,,,,,,,,,,,,,,
EMS18  PLASCOSAFE - 18 - PRIMER  RED OXIDE," R1,861.86 ", R436.21 ," R1,807.64 ", R423.51 ,#REF!,#REF!,RUST SHIELD W/BASE - RED OXIDE,, R540.00 ,, R532.51 ,,1.41%,QD RED OXIDE, R                    1 926.97 , R529.33 ,,,,,,,,,,,
AW225 EPIWASH STRON.CHROM.PRIMER-YELLOW 10L," R1,360.35 ",," R1,320.73 ",,#REF!,,RUST SHIELD W/BASE - BLACK,, R540.00 ,, R532.51 ,,1.41%,,,,,,,,,,,,,,
TH128 PLASCON EPIWASH THINNER 2X5L,, R764.84 ,, R742.56 ,,#REF!,RUST SHIELD W/BASE - GREY," R2,050.00 ", R540.00 ," R2,056.31 ", R532.51 ,-0.31%,1.41%,,,,,,,,,,,,,,
WUP1 MULTI-SURFACE PRIMER - WHITE,, R394.34 ,, R382.86 ,,#REF!,SUPERGRIP PRIMER W/B WHITE,, R730.00 ,, R730.48 ,,-0.07%,FZA001296 ULTRAPRIME  - WHITE    ," R1,595.97 ",,,,,,,,,,,,
,,,,,,,,,,,,,,FZA001295 ULTRAPRIME  - WHITE ,, R477.51 ,,,,,,,,,,,
PEM600 - WHITE, R447.56 ,, R434.53 ,,#REF!,,BERGER NUKOTE WHITE   , R475.00 ,, R425.23 ,,11.70%,,FZA003995 SELECT MATT WHITE  ," R1,055.29 ",,,,,,,,,,,,
TCP1000 - PASTEL, R736.48 ,, R715.03 ,,#REF!,,,,,,,,,TINT FROM WHITE," R1,363.58 ", R380.74 ,,,,,,,,,,,
,,,,,,,SMOOTH RIPPLE FINISH - WHITE," R1,380.00 ",," R1,447.17 ",,-4.64%,,,,,,,,,,,,,,,
PEM800 PROF MATT-WHITE , R838.80 ,, R814.37 ,,#REF!,,,,,,,,,,,,,,,,,,,,,,
,,,,,,,,,,,,,,,,,,,,,,,,,,,
PEM 900 WHITE, R672.66 , R304.04 , R653.08 , R295.19 ,#REF!,#REF!,TRADE 65 WHITE  , R720.00 ,, R625.02 ,,15.20%,,FZA000074 MATT - WHITE ," R1,416.69 ", R362.61 ,,,,,,,,,,,
TSA 1010 PASTEL, R719.74 , R304.08 , R698.77 , R295.22 ,#REF!,#REF!,TRADE  65 - PASTEL7, R750.00 ,, R749.50 ,,0.07%,,,,,,,,,,,,,,,
TSA 2010 DEEP, R707.01 , R324.81 , R686.42 , R315.35 ,#REF!,#REF!,TRADE 65  - MEDIUM 8, R850.00 ,, R834.04 ,,1.91%,,,,,,,,,,,,,,,
TSA 3010 TRANSPARENT, R852.98 , R345.93 , R828.14 , R335.85 ,#REF!,#REF!,TRADE 65 - DEEP 9, R950.00 ,, R956.39 ,,-0.67%,,FZA000541 MATT - CLEAR TINT BASE     ," R1,861.19 ", R499.93 ,,,,,,,,,,,
,,,,,,,,,,,,,,,,,,,,,,,,,,,
PEM 1000 LOW SHEEN WHITE, R921.88 , R437.35 , R895.03 , R424.61 ,#REF!,#REF!,TRADE 100 LOWSHEEN WHITE," R1,080.00 ",," R1,018.63 ",,6.02%,,SELECT SHEEN WHITE   ," R1,260.95 ",,,,,,,,,,,,
TLS1000 PASTEL, R803.08 , R437.30 , R779.69 , R424.57 ,#REF!,#REF!,TRADE 100 LOWSHEEN -  PASTEL 7," R1,090.00 ",," R1,018.63 ",,7.01%,,SELECT SHEEN WHITE + TINT ," R1,411.85 ", R436.47 ,,,,,,,,,,,
TLS2000 DEEP," R1,006.64 ", R465.91 , R977.32 , R452.33 ,#REF!,#REF!,TRADE100 LOWSHEEN - MEDIUM 8," R1,160.00 ",," R1,112.43 ",,4.28%,,,,,,,,,,,,,,,
TLS3010 TRANSPARENT," R1,124.89 ", R494.16 ," R1,092.13 ", R479.76 ,#REF!,#REF!,TRADE100 LOWSHEEN  - DEEP 9 ," R1,270.00 ",," R1,252.18 ",,1.42%,,SELECT SHEEN CLEAR BASE + TINT," R1,455.63 ", R367.59 ,,,,,,,,,,,
,,,,,,,TRADE100 LOWSHEEN -  U. DEEP 6 ," R1,470.00 ",," R1,459.58 ",,0.71%,,,,,,,,,,,,,,,
ASS1  METAL CARE SILVERSHINE ALUMINIUM,, R864.99 ,,,,,,,,,,,,,,,,,,,,,,,,,
,,,,,,,DLX ACRYLIC PVA - ALL STD COLOURS," R1,090.00 ",," R1,188.28 ",,-8.27%,,,,,,,,,,,,,,,
,,,,,,,DLX ACRYLIC PVA - BLACK,, R310.00 ,,,,,,,,,,,,,,,,,,
EPL30 POLVIN SUPER ACRYLIC - WHITE," R1,026.17 ",, R996.29 ,,#REF!,,DLX ACRYLIC PVA - WHITE, R920.00 ,, R954.52 ,,-3.62%,,FZA000074 MATT - WHITE ," R1,416.69 ", R362.61 ,,,,,,,,,,,
TAP1000 PASTEL, R974.82 ,, R946.42 ,,#REF!,,DLX ACRYLIC PVA - PATEL - BASE 7," R1,100.00 ",," R1,102.29 ",,-0.21%,,,,,,,,,,,,,,,
TAP2000 DEEP," R1,042.62 ",," R1,012.25 ",,#REF!,,DLX ACRYLIC PVA - DEEP  - BASE 8," R1,190.00 ",," R1,196.62 ",,-0.55%,,,,,,,,,,,,,,,
TAP3000 TRANSPARENT," R1,094.83 ",," R1,062.94 ",,#REF!,,DLX ACRYLIC PVA - TRANSP - BASE 9," R1,330.00 ",," R1,335.67 ",,-0.42%,,FZA000541 MATT - CLEAR TINT BASE     ," R1,861.19 ", R499.93 ,,,,,,,,,,,
,,,,,,,DLX ACRYLIC PVA - BASE 6 - (4x5l - R1500)," R1,620.00 ",," R1,609.89 ",,0.63%,,,,,,,,,,,,,,,
,,,,,,,,,,,,,,,,,,,,,,,,,,,
DOUBLE VELVET - WHITE  & VEL 2 TAWNY MINK 5L," R1,432.34 ", R562.32 ," R1,390.63 ", R545.94 ,#REF!,,LUX SILK BRILLIANT WHITE," R1,420.00 ",," R1,420.29 ",,-0.02%,,SATIN SILK - WHITE                 ," R1,521.29 ",,,,,,,,,,,,
TDV 1000 PASTEL," R1,432.19 ", R562.32 ," R1,390.47 ", R545.94 ,#REF!,#REF!,LUX SILK - PASTEL 7," R1,490.00 ",," R1,493.16 ",,-0.21%,,SATIN SILK PASTEL ," R1,441.85 ", R678.70 ,,,,,,,,,,,
TDV 2000 DEEP," R1,555.46 ",," R1,510.15 ",,#REF!,,LUX SILK - MEDIUM 8," R1,560.00 ",," R1,563.68 ",,-0.24%,,,,,,,,,,,,,,,
TDV 3010 TRANSPARENT,,,, R-   ,,,LUX SILK -  DEEP 9," R1,670.00 ",," R1,674.05 ",,-0.24%,,SATIN SILK CLEAR BASE + TINT," R1,516.30 ", R658.57 ,,,,,,,,,,,
,,,,,,,LUX SILK - U/DEEP 6," R1,910.00 ",," R1,914.09 ",,-0.21%,,,,,,,,,,,,,,,
,,,,,,,,,,,,,,,,,,,,,,,,,,,
PWC 520, R827.51 ,, R803.41 ,,#REF!,,RAINSHIELD (WHITE & GREY)  ," R1,100.00 ",," R1,045.87 ",,5.18%,,FIBRE SEAL - WHITE                 ," R1,198.11 ",,,,,,,,,,,,
,,,,,,,,,,,,,,,,,,,,,,,,,,,
PSB600 PROF DAMP PLASTER PAINT," R1,488.35 ",," R1,445.00 ",,#REF!,,DAMPSHIELD," R1,100.00 ", R410.00 ," R1,102.59 ", R438.16 ,-0.23%,-6.43%,DAMP CURE                          ," R1,675.59 ",,,,,,,,,,,,
,,,,,,,,,,,,,,,,,,,,,,,,,,,
PU800  ALL PURPOSE UNDERCOAT, R940.58 , R253.90 , R913.18 , R246.51 ,#REF!,#REF!,TRADE UNIVERSAL UNDERCOAT ," R1,030.00 ", R450.00 , R998.67 , R657.15 ,3.14%,-31.52%,SELECT UNIVERSAL UNDERCOAT          ,, R401.33 ,,,,,,,,,,,
,,,,,,,,,,,,,,,,,,,,,,,,,,,
NY1 SUPER UNIVERSAL ENAMEL - SUPER WHITE,, R384.36 ,, R373.16 ,,#REF!,DULUX GLOSS STD COLOURS ,, R480.00 ,, R478.53 ,,0.31%,GLOSS ENAMEL - WHITE               ," R2,218.90 ", R585.47 ,,,,,,,,,,,
"G - SUPER UNIVERSAL G/ENAMEL - G2,G7,G15",, R436.24 ,, R423.53 ,,#REF!,DULUX GLOSS ENAMEL - WHITE," R1,820.00 ", R500.00 ," R1,819.96 ", R478.53 ,,4.49%,GLOSS CLEAR BASE + TINT ,, R622.20 ,,,,,,,,,,,
      SUPER UNIVERSAL G/ENAMEL - G13,, R457.52 ,, R444.19 ,,#REF!,DULUX GLOSS ENAMEL - BASE 6,, R590.00 ,, R582.70 ,,1.25%,GLOSS PASTEL + TINT,, R613.33 ,,,,,,,,,,,
TGE - PASTEL BASE," R1,591.72 ", R409.69 ," R1,545.36 ", R397.76 ,#REF!,#REF!,DULUX GLOSS ENAMEL - BASE 7,, R460.00 ,, R455.54 ,,0.98%,GLOSS SIGNAL RED,, R968.13 ,,,,,,,,,,,
TGE - DEEP BASE,, R443.53 ,, R430.61 ,,#REF!,DULUX GLOSS ENAMEL - BASE 8,, R480.00 ,, R476.79 ,,0.67%,GLOSS CHROME YELLOW,, R942.59 ,,,,,,,,,,,
TGE - TRANSPARENT BASE ,, R537.26 ,, R521.61 ,,#REF!,DULUX GLOSS ENAMEL - BASE 9,, R520.00 ,, R510.10 ,,1.94%,GLOSS WINDSOR GREEN,, R618.32 ,,,,,,,,,,,
,,,,,,,,,,,,,,GLOSS COSMOS BLUE,, R698.04 ,,,,,,,,,,,
VLO - VELVAGLO WHITE & BLACK,, R530.89 ,, R515.43 ,,#REF!,SOLVENT BASE PEARLGLO WHITE ,, R620.00 ,,,,,,,,,,,,,,,,,,
TVG 1000 PASTEL - SOLVENT BASE,, R530.94 ,, R515.48 ,,#REF!,SOLVENT BASE PEARLGLO - BASE 7,, R640.00 ,, R582.57 ,,6.42%,NON-DRIP ENAMEL - WHITE             ,, R746.02 ,,,,,,,,,,,
TVG 2000 DEEP - SOLVENT BASE,, R561.36 ,, R545.01 ,,#REF!,SOLVENT BASE PEARLGLO  - BASE 8,, R660.00 ,, R605.16 ,,5.76%,NON DRIP WHITE + TINT,, R790.13 ,,,,,,,,,,,
TVG 3010 TRANSPARENT- SOLVENT BASE,, R600.63 ,, R583.13 ,,#REF!,SOLVENT BASE  PEARLGLO  - BASE 9 ,, R680.00 ,, R620.33 ,,6.39%,,,,,,,,,,,,,,
,,,,,,,SOLVENT BASE  PEARLGLO - BASE 6,, R750.00 ,, R646.86 ,,5.12%,NON DRIP CLEAR BASE + TINT,, R762.27 ,,,,,,,,,,,
,,,,,,,,,,, R713.42 ,,5.13%,,,,,,,,,,,,,,
VLW 1 WATERBASE VELVAGLO - WHITE,, R482.48 ,, R468.42 ,,#REF!,WATERBASE PEARLGLO - WHITE ,, R470.00 ,,,,,,,,,,,,,,,,,,
VLW2 WATERBASE VELVAGLO  - BLACK,, R489.83 ,, R475.57 ,,#REF!,WATERBASE PEARLGLO - PEBBLE BLACK,, R470.00 ,, R432.12 ,,8.77%,ULTRASHEEN - WHITE                 ," R1,994.50 ", R612.82 ,,,,,,,,,,,
TVW - WATERBASE VELVAGLO - PASTEL BASE,, R482.44 ,, R468.39 ,,#REF!,WATERBASED PEARLGLO -  BASE 7,, R470.00 ,, R432.12 ,,8.77%,,,,,,,,,,,,,,
TVW - WATERBASE VELVAGLO -  DEEP BASE,, R498.50 ,, R483.98 ,,#REF!,WATERBASED PEARLGLO - BASE 8,, R490.00 ,, R415.27 ,,13.18%,,,,,,,,,,,,,,
TVW - WATERBASE VELVAGLO -  TRANSPARENT BASE,, R522.67 ,, R507.45 ,,#REF!,WATERBASED  PEARLGLO - BASE 9 ,, R510.00 ,, R469.25 ,,4.42%,,,,,,,,,,,,,,
,,,,,,,WATERBASED PEARLGLO - BASE 6,, R560.00 ,, R508.52 ,,0.29%,ULTRASHEEN CLEAR TINT BASE,, R533.20 ,,,,,,,,,,,
,,,,,,,,,,, R559.74 ,,0.05%,,,,,,,,,,,,,,
PSI1 PLASCON SKIMCOAT INTERIOR - 23KG, R425.00 ,, R495.04 ,,#REF!,,PREPAINT SMOOTHOVER INT/EXT 35KG, R630.00 ,,,,,,,,,,,,,,,,,,,
PSE1 PLASCON SKIMCOAT EXTERIOR - 23KG, R425.00 ,,,,,,,,, R607.04 ,,3.78%,,SKIMMIT SKIMCOAT INTERIOR - 15KG, R371.16 ,,,,,,,,,,,,
,,,,,,,,,,,,,,,,,,,,,,,,,,,
BBO - MICATEX - WHITE & ALL COLOURS,,,,,,,W/GUARD FINE TEXTURED - WHITE & STD COLOURS, R930.00 ,,,,,,,,,,,,,,,,,,,
TMX1050 -  PASTEL BASE," R1,063.90 ",," R1,032.91 ",,#REF!,,WEATHERGUARD FINE TEXTURED -BASE 7," R1,160.00 ",, R901.07 ,,3.21%,,TEXTURED - WHITE                  , R999.00 ,,,,,,,,,,,,
TMX2050  - DEEP BASE," R1,117.13 ",," R1,084.59 ",,#REF!,,WEATHERGUARD FINE TEXTURED - BASE 8," R1,275.00 ",," R1,158.60 ",,0.12%,,TEXTURE PASTEL BASE + TINT," R1,445.61 ", R398.55 ,,,,,,,,,,,
TMX3050  - TRANSPARENT BASE," R1,223.55 ",," R1,187.91 ",,#REF!,,WEATERGUARD FINE TEXTURED - BASE 9," R1,390.00 ",," R1,272.13 ",,0.23%,,,,,,,,,,,,,,,
,,,,,,,WEATHERGUARD FINE TEXTURED - BASE 6," R1,640.00 ",," R1,387.03 ",,0.21%,,TEXTURE CLEAR BASE + TINT," R1,576.39 ", R431.06 ,,,,,,,,,,,
,,,,,,,,,," R1,632.94 ",,0.43%,,,,,,,,,,,,,,,
TRP PLASCON NUROOF COOL - WHITE & ALL COLOURS," R1,143.43 ",," R1,110.13 ",,#REF!,,DLX ROOFGUARD - WHITE & ALL COLOURS," R1,080.00 ",,,,,,,,,,,,,,,,,,,
,,,,,,,,,," R1,038.74 ",,3.97%,,ROOF & PAVING - WHITE                       ," R1,217.65 ",,,,,,,,,,,,
WAA 1 WALL & ALL - WHITE," R1,672.22 ", R567.22 ," R1,623.52 ", R550.70 ,#REF!,#REF!,DLX WALLGUARD - BASE 7," R1,560.00 ",,,,,,,,,,,,,,,,,,,
TWA1000 - PASTEL," R1,672.21 ",," R1,623.50 ",,#REF!,,DLX WALLGUARD - BASE 8," R1,660.00 ",,,,,,,,,,,,,,,,,,,
TWA2000 - DEEP," R1,834.93 ",," R1,781.48 ",,#REF!,,DLX WALLGUARD - BASE 9," R1,760.00 ",," R1,976.63 ",,#REF!,,SATIN SILK - WHITE                 ," R1,521.29 ",,,,,,,,,,,,
TWA3000 - TRANSPARENT," R1,965.47 ",," R1,908.23 ",,#REF!,,DLX WALLGUARD - BASE 6," R1,990.00 ",," R1,553.34 ",,0.43%,,SATIN SILK PASTEL 20LT," R1,441.85 ", R678.70 ,,,,,,,,,,,
,,,,,,,,,," R1,655.50 ",,0.27%,,,,,,,,,,,,,,,
FPR 1 - 6 WOODCARE WOOD PRES - CLEAR & ALL COLOURS ,, R552.50 ,,,,,TIMBA PRESERVATIVE CLEAR - ALL COLOURS,, R530.00 ," R1,752.24 ",,0.44%,,SATIN SILK CLEAR BASE + TINT," R1,516.30 ", R658.57 ,,,,,,,,,,,
,,,,,,,,,,,,,,,,,,,,,,,,,,,
WSP 1 - 28  EXT WOODCARE SUNPROOF - GLOSS - CLEAR,, R489.85 ,, R475.58 ,,#REF!,WG TIMBAVARNISH INT/EXT - CLEAR & ALL COLOURS,, R500.00 ,,,,,,,,,,,,,,,,,,
,,,,,,,WOODGARD RUBBOL CLEAR & ALL COLOURS,," R1,400.00 ",, R511.77 ,,3.56%,WOOD PRESERVATIVE - CLEAR           ,, R540.29 ,,,,,,,,,,,
X33 & 35 - 38 WOODCARE ULTRA VARNISH -  GLOSS,, R637.50 ,,,,,,,,,,,,,,,,,,,,,,,,,
X44 WOODCARE ULTRA VARNISH - SUEDE  - CLEAR,, R637.50 ,,,,,,,,, R541.19 ,,-7.61%,,,,,,,,,,,,,,
,,,,,,,,,,," R1,365.77 ",,2.51%,,,,,,,,,,,,,,
WBS 1 PLASCON BRICKSEAL - CLEAR,, R621.35 ,, R603.25 ,,#REF!,,,,,,,,WOOD VARNISH - CLEAR               ,, R540.29 ,,,,,,,,,,,
TBD 1 PLASCON BRICK & SLASTO DRESSING - CLEAR,, R565.25 ,, R638.47 ,,#REF!,BRICK/SLASTO DRESSING S/B ,, R590.00 ,,,,,,,,,,,,,,,,,,
,,,,,,,,,,,,,,,,,,,,,,,,,,,
,,,, R723.04 ,,#REF!,TUFFCOTE EPOXY WB LIGHT GREY," R1,350.00 ",,,,,,,,,,,,,,,,,,,
GW7 GEHOPON 7 SEALER - GREEN DL,, R935.00 ,,,,,TUFFCOTE EPOXY WB DAIRY WHITE," R1,350.00 ",,, R594.47 ,,-0.75%,,,,,,,,,,,,,,
GW3001 GEHOPON - WHITE,," R1,827.50 ",," R1,809.99 ",,#REF!,,,,,,,,,,,,,,,,,,,,,
GW3050 GEHOPON - NAVY LIGHT GREY,," R1,785.00 ",,,,,TR - HI-CHEM ENAMEL S/B - WHITE,," R1,280.00 "," R1,294.03 ",,4.33%,,,,,,,,,,,,,,,
GW3030 GEHOPON - TRANSPARENT BASE,," R1,742.50 ",,,,,TR- HI-CHEM ENAMEL S/B - BRILLIANT/GREEN,," R1,280.00 "," R1,294.03 ",,4.33%,,,,,,,,,,,,,,,
,,,, R609.85 ,,#REF!,TR- HI-CHEM ENAMEL S/B - LIGHT GREY,," R1,280.00 ",,,,,,,,,,,,,,,,,,
,,,,,,,TR- HI-CHEM ENAMEL S/B - DARK GREY,," R1,280.00 ",, R420.13 ,,35.67%,,,,,,,,,,,,,,
,,,," R1,060.80 ",,#REF!,,,,, R420.13 ,,35.67%,,,,,,,,,,,,,,
SP1 STOEP ENAMEL BLACK,, R432.50 ,, R282.88 ,,#REF!,FLOORCOTE SB BLACK,, R570.00 ,, R420.13 ,,35.67%,,,,,,,,,,,,,,
SP2 STOEP ENAMEL GREEN,, R432.50 ,,,,,FLOORCOTE SB BRILLIANT GRN ,, R570.00 ,, R420.13 ,,35.67%,,,,,,,,,,,,,,
SP3 STOEP ENAMEL RED,, R432.50 ,, R204.27 ,,#REF!,FLOORCOTE SB RED OXIDE,, R570.00 ,, R420.13 ,,35.67%,,,,,,,,,,,,,,
SP7 STOEP ENAMEL GREY,, R432.50 ,, R618.85 ,,#REF!,FLOORCOTE SB DARK SEA GREY,, R570.00 ,,,,,,,,,,,,,,,,,,
SP13 STOEP ENAMEL TERRA COTTA,, R432.50 ,, R542.12 ,,#REF!,FLOORCOTE SB CHROM OXID GRN,, R570.00 ,," R1,219.76 ",,4.94%,,,,,,,,,,,,,,
SP16 STOEP ENAMEL NAVY LIGHT GREY,, R432.50 ,,,,,,,,," R1,219.76 ",,4.94%,FZA000190 2 PACK POLYURETHANE - WHITE,," R1,274.59 ",,,,,,,,,,,
,,," R1,795.53 ", R565.11 ,#REF!,#REF!,WEATHERGUARD ULTRA SMOOTH BASE 7," R1,320.00 ",,," R1,219.76 ",,4.94%,FZA000190 2 PACK POLYURETHANE - WHITE + TINT,," R1,318.70 ",,,,,,,,,,,
PEX756  PLASCOGUARD -75- FRENCH GREY 4L,, R829.60 ," R1,260.88 ", R565.04 ,#REF!,#REF!,WEATHERGUARD ULTRA SMOOTH BASE 8," R1,430.00 ",,," R1,219.76 ",,4.94%,FZA000192 2 PACK POLYURETHANE - CLEAR + TINT,," R1,239.76 ",,,,,,,,,,,
PEH125 PLASCOGUARD HARDNER - 1L,, R352.75 ," R1,787.46 ",,#REF!,,WEATHERGUARD ULTRA SMOOTH BASE 9," R1,540.00 ",,,,,,FZA000187 2 PACK POLYURETHANE - CATALYST,, R465.88 ,,,,,,,,,,,
EPD1 PLASCOTUFF PITCH COAT BLACK DL,, R933.28 , - ,,,,WEATHERGUARD ULTRA SMOOTH BASE 6," R1,850.00 ",," R1,487.89 ",,7.53%,,,,,,,,,,,,,,,
PEX3500 PLASCOTUFF 3500 - GREY 4L,," R1,092.62 ",,,,,,,," R1,463.02 ",,10.73%,,,,,,,,,,,,,,,
PEH3500 PLASCOTUFF 3500 HARDENER 1L,, R291.37 ," R1,411.38 ",,#REF!,,TRADE WEATHERSHIELD - WHITE," R1,950.00 ",," R1,573.48 ",,9.31%,,,,,,,,,,,,,,,
,,," R1,465.63 ",,#REF!,,TRADE WEATHERSHIELD - PASTEL 7," R2,100.00 ",," R1,684.23 ",,9.25%,,,,,,,,,,,,,,,
PRH9 P/THANE -9000- HARDENER  715ML,, R210.40 ," R1,519.91 ",,#REF!,,TRADE WEATHERSHIELD - MEDIUM 8," R2,180.00 ",," R1,994.46 ",,7.80%,,,,,,,,,,,,,,,
"PRT9001 P/THANE -9000- T/BASE-PASTEL  4,2L",, R637.42 ,,,,,TRADE WEATHERSHIELD - DEEP 9," R2,240.00 ",,,,,,,,,,,,,,,,,,,
PRT9003 P/THANE -9000 - T/BASE-TRANS 3.9L,, R558.39 ," R1,507.89 ",,#REF!,,,,," R1,312.89 ",,0.54%,,,,,,,,,,,,,,,
,,," R1,507.94 ",,#REF!,,EASYCARE - WHITE," R1,420.00 ", R700.00 ," R1,420.19 ",,0.69%,,FZA000074 MATT - WHITE ," R1,416.69 ", R362.61 ,,,,,,,,,,,
CAS 1  CASHMERE - WHITE," R1,849.40 ", R582.06 ," R1,633.58 ",,#REF!,,EASYCARE - PASTEL - BASE 7," R1,500.00 ", R720.00 ," R1,528.06 ",,0.78%,,,,,,,,,,,,,,,
TCA1000 PATEL," R1,298.71 ", R581.99 ,,,,,EASYCARE - MEDIUM - BASE 8," R1,560.00 ", R750.00 ," R1,824.23 ",,1.41%,,FZA000541 MATT - CLEAR TINT BASE     ," R1,861.19 ", R499.93 ,,,,,,,,,,,
TCA2000 DEEP," R1,841.08 ",,,,,,EASYCARE - DEEP - BASE 9,, R820.00 ,,,,,,,,,,,,,,,,,,
TCA3000 TRANSPARENT, R-   ,,,,,,EASYCARE - ULTRA - BASE 6,, R920.00 ," R1,880.09 ", R908.00 ,3.72%,,,,,,,,,,,,,,,
,,,,,,,,,," R1,971.50 ", R941.49 ,6.52%,,NEUKLAD - WHITE                   ," R1,730.36 ",,,,,,,,,,,,
PES 1 PROF ELASTOSHIELD - WHITE," R1,553.13 ",,,,,,TRADE WALLCLAD WHITE," R1,600.00 ",," R2,061.44 ", R968.97 ,5.75%,,NEUKLAD PASTEL + TINT," R1,878.38 ", R756.08 ,,,,,,,,,,,
TED1000 PASTEL," R1,553.17 ",,, R419.90 ,,#REF!,TRADE WALLCLAD BASE 7 ," R1,620.00 ",," R2,149.04 ", R994.65 ,4.23%,,,,,,,,,,,,,,,
TED2000 DEEP," R1,682.59 ",,, R419.90 ,,#REF!,TRADE WALLCLAD BASE 8," R1,720.00 ",,,,,,NEUKLAD CLEAR BASE + TINT," R2,304.13 ", R722.03 ,,,,,,,,,,,
TED3000 TRANSPARENT, R-   ,,, R419.90 ,,#REF!,TRADE WALLCLAD BASE 9," R1,840.00 ",," R1,493.16 ", R754.64 ,0.46%,,,,,,,,,,,,,,,
,,,, R419.90 ,,#REF!,TRADE WALLCLAD BASE 6," R2,150.00 ",," R1,563.68 ", R780.88 ,-0.24%,,,,,,,,,,,,,,,
,,,, R419.90 ,,#REF!,,,,, R823.90 ,,-0.47%,,,,,,,,,,,,,,
PSB700 PROFESSIONAL EGGSHELL ENAMEL," R1,402.50 ", R467.50 ,, R419.90 ,,#REF!,STERISHIELD DIAMOND EGGSHELL WHITE,, R930.00 ,, R923.66 ,,-0.40%,,,,,,,,,,,,,,
TEG1 EGGSHELL ENAMEL T/BASE PASTEL," R1,402.50 ", R467.50 ,,,,,STERISHIELD DIAMOND E/SHELL LIGHT TINTED,, R930.00 ,,,,,,,,,,,,,,,,,,
,,,,,,,STERISHIELD DIAMOND E/SHELL MEDIUM TINT,, R940.00 ,, R894.58 ,,3.96%,,,,,,,,,,,,,,
PEM950 PROF SUPER MATT - WHITE ," R1,453.72 ",,,,,,STERISHIELD DIAMOND E/SHELL EX/DEEP TINT,, R960.00 ,, R882.52 ,,5.38%,,,,,,,,,,,,,,
TPM1000 PROF SUPER MATT T/BASE -PASTEL," R1,509.60 ",,,,,,TRADE STERISHIELD - DIAMOND MATT WHITE,, R930.00 ,, R873.95 ,,6.41%,,,,,,,,,,,,,,
TPM2000 PROF SUPER MATT T/BASE - DEEP," R1,565.50 ",,,,,,,,,, R889.09 ,,5.73%,,,,,,,,,,,,,,
,,,,,,,,,,,,,,,,,,,,,,,,,,,
TP24 - ROADTECT 4200 SB - WHITE," R1,309.00 ",,,,,,,,,,,,,,,,,,,,,,,,,,
TP41 - ROADTECT 4200 SB - MEDIUM YELLOW," R1,829.20 ",,,,,,,,,,,,,,,,,,,,,,,,,,
,,,,,,,,,,,,,,,,,,,,,,,,,,,
,,,,,,,,,,,,,,,,,,,,,,,,,,,
,,,,,,,,,,,,,,,,,,,,,,,,,,,
,,,,,,,,,,,,,,,,,,,,,,,,,,,
,,,,,,,,,,,,,,,,,,,,,,,,,,,
